{
  "resourceType" : "CodeSystem",
  "id" : "98a2c33a-12e1-4360-987f-9770560c9e2e-24",
  "url" : "http://hl7.org/fhir/comparison/CodeSystem/98a2c33a-12e1-4360-987f-9770560c9e2e-24",
  "name" : "IntersectionTransactionsAndTransactions",
  "title" : "Intersection of WHO GDHCN Transactions CodeSystem And WHO GDHCN Transactions CodeSystem",
  "status" : "active",
  "date" : "2025-09-10T05:47:13+00:00",
  "jurisdiction" : [{
    "coding" : [{
      "system" : "http://unstats.un.org/unsd/methods/m49/m49.htm",
      "code" : "001"
    }]
  }],
  "concept" : [{
    "code" : "keys-get-api"
  },
  {
    "code" : "keys-get-did"
  },
  {
    "code" : "keys-put-api"
  }]
}