{
  "resourceType" : "CodeSystem",
  "id" : "eaebf0b7-e32c-4245-ac01-4cabb9417e19-3",
  "url" : "http://hl7.org/fhir/comparison/CodeSystem/eaebf0b7-e32c-4245-ac01-4cabb9417e19-3",
  "name" : "IntersectionActorsAndActors",
  "title" : "Intersection of WHO GDHCN Trust Actors CodeSystem And WHO GDHCN Trust Actors CodeSystem",
  "status" : "active",
  "date" : "2025-09-10T12:42:29+00:00",
  "jurisdiction" : [{
    "coding" : [{
      "system" : "http://unstats.un.org/unsd/methods/m49/m49.htm",
      "code" : "001"
    }]
  }],
  "concept" : [{
    "code" : "credential-holder",
    "display" : "Holder of a Credential"
  },
  {
    "code" : "credential-issuer",
    "display" : "Issuer of a Credential"
  },
  {
    "code" : "gdhcn",
    "display" : "GDHCN",
    "definition" : "Global Digital Health Certification Network (GDHCN)"
  },
  {
    "code" : "TNG",
    "display" : "TNG",
    "definition" : "Trust Network Gateway"
  },
  {
    "code" : "TNP",
    "display" : "TNP",
    "definition" : "Trust Network Participant"
  }]
}