{
  "resourceType" : "ValueSet",
  "id" : "eaebf0b7-e32c-4245-ac01-4cabb9417e19-36",
  "url" : "http://hl7.org/fhir/comparison/ValueSet/eaebf0b7-e32c-4245-ac01-4cabb9417e19-36",
  "name" : "IntersectionKeyUsageAndKeyUsage",
  "title" : "Intersection of WHO GDHCN  Key Usage ValueSet And WHO GDHCN  Key Usage ValueSet",
  "status" : "active",
  "date" : "2025-09-10T12:42:32+00:00",
  "jurisdiction" : [{
    "coding" : [{
      "system" : "http://unstats.un.org/unsd/methods/m49/m49.htm",
      "code" : "001"
    }]
  }],
  "compose" : {
    "include" : [{
      "concept" : [{
        "code" : "SCA",
        "display" : "Signing Certificate Authority"
      },
      {
        "code" : "DSC",
        "display" : "Document Signing Certificate"
      },
      {
        "code" : "UP",
        "display" : "Upload"
      },
      {
        "code" : "TLS",
        "display" : "TLS"
      }]
    }]
  }
}