{
  "resourceType" : "ValueSet",
  "id" : "eaebf0b7-e32c-4245-ac01-4cabb9417e19-42",
  "url" : "http://hl7.org/fhir/comparison/ValueSet/eaebf0b7-e32c-4245-ac01-4cabb9417e19-42",
  "name" : "IntersectionPayloadTypesAndPayloadTypes",
  "title" : "Intersection of WHO GDHCN Payload Types And WHO GDHCN Payload Types",
  "status" : "active",
  "date" : "2025-09-10T12:42:32+00:00",
  "jurisdiction" : [{
    "coding" : [{
      "system" : "http://unstats.un.org/unsd/methods/m49/m49.htm",
      "code" : "001"
    }]
  }]
}