<?xml version="1.0" encoding="UTF-8"?>

<Endpoint xmlns="http://hl7.org/fhir">
  <id value="GDHCNParticipantDID-MCO-UAT-DSC"/>
  <meta>
    <profile value="https://profiles.ihe.net/ITI/mCSD/StructureDefinition/IHE.mCSD.Endpoint"/>
  </meta>
  <text>
    <status value="generated"/><div xmlns="http://www.w3.org/1999/xhtml"><p class="res-header-id"><b>Generated Narrative: Endpoint GDHCNParticipantDID-MCO-UAT-DSC</b></p><a name="GDHCNParticipantDID-MCO-UAT-DSC"> </a><a name="hcGDHCNParticipantDID-MCO-UAT-DSC"> </a><div style="display: inline-block; background-color: #d9e0e7; padding: 6px; margin: 4px; border: 1px solid #8da1b4; border-radius: 5px; line-height: 60%"><p style="margin-bottom: 0px"/><p style="margin-bottom: 0px">Profile: <a href="https://profiles.ihe.net/ITI/mCSD/4.0.0/StructureDefinition-IHE.mCSD.Endpoint.html">mCSD Endpoint</a></p></div><p><b>status</b>: Active</p><p><b>connectionType</b>: </p><p><b>name</b>: Monaco Trustlist (DID v2) - UAT - Document Signing Certificates
did:web:tng-cdn.who.int:v2:trustlist:-:MCO:DSC
resolvable at https://tng-cdn-uat.who.int/v2/trustlist/-/MCO/DSC/did.json</p><p><b>managingOrganization</b>: <a href="Organization-GDHCNParticipant-MCO-UAT.html">Organization Monaco</a></p><p><b>address</b>: did:web:tng-cdn.who.int:v2:trustlist:-:MCO:DSC</p></div>
  </text>
  <status value="active"/>
  <connectionType/>
  <name value="Monaco Trustlist (DID v2) - UAT - Document Signing Certificates&#xA;did:web:tng-cdn.who.int:v2:trustlist:-:MCO:DSC&#xA;resolvable at https://tng-cdn-uat.who.int/v2/trustlist/-/MCO/DSC/did.json"/>
  <managingOrganization>
    <reference value="Organization/GDHCNParticipant-MCO-UAT"/>
  </managingOrganization>
  <address value="did:web:tng-cdn.who.int:v2:trustlist:-:MCO:DSC"/>
</Endpoint>