{"resourceType":"Requirements","id":"PublishPKIMaterial","meta":{"profile":["http://smart.who.int/base/StructureDefinition/SGRequirements"]},"text":{"status":"generated","div":"<div xmlns=\"http://www.w3.org/1999/xhtml\"><p class=\"res-header-id\"><b>Generated Narrative: Requirements PublishPKIMaterial</b></p><a name=\"PublishPKIMaterial\"> </a><a name=\"hcPublishPKIMaterial\"> </a><a name=\"PublishPKIMaterial-en-US\"> </a><div style=\"display: inline-block; background-color: #d9e0e7; padding: 6px; margin: 4px; border: 1px solid #8da1b4; border-radius: 5px; line-height: 60%\"><p style=\"margin-bottom: 0px\"/><p style=\"margin-bottom: 0px\">Profile: <a href=\"https://build.fhir.org/ig/WorldHealthOrganization/smart-base/StructureDefinition-SGRequirements.html\">SGRequirements</a></p></div><p>These requirements apply to the actor <a href=\"ActorDefinition-TrustNetworkParticipant.html\">Trust Network Participant</a></p><table class=\"grid\"/></div>"},"url":"http://smart.who.int/trust/Requirements/PublishPKIMaterial","version":"1.1.6","name":"Publish Public Keys","title":"Publish PKI material","status":"active","experimental":true,"date":"2025-03-13T07:40:40+00:00","publisher":"WHO","contact":[{"name":"WHO","telecom":[{"system":"url","value":"http://who.int"}]}],"description":"Publish trust material to a Trust Anchor","jurisdiction":[{"coding":[{"system":"http://unstats.un.org/unsd/methods/m49/m49.htm","code":"001"}]}],"actor":["http://smart.who.int/trust/ActorDefinition/TrustNetworkParticipant"]}