{
  "resourceType" : "Basic",
  "id" : "GDHCN",
  "meta" : {
    "profile" : ["http://smart.who.int/base/StructureDefinition/SGActor",
    "http://smart.who.int/smart-base/StructureDefinition/SGPersona"]
  },
  "text" : {
    "status" : "generated",
    "div" : "<div xmlns=\"http://www.w3.org/1999/xhtml\"><p class=\"res-header-id\"><b>Generated Narrative: ActorDefinition GDHCN</b></p><a name=\"GDHCN\"> </a><a name=\"hcGDHCN\"> </a><a name=\"GDHCN-en-US\"> </a><table class=\"grid\"><tr><td><b>Actor: GDHCN </b></td><td>GDHCN</td><td>Type: system </td></tr><tr><td colspan=\"3\"/></tr></table></div>"
  },
  "extension" : [{
    "url" : "http://smart.who.int/base/StructureDefinition/Sgcode",
    "valueCoding" : {
      "system" : "http://smart.who.int/ips-pilgrimage/CodeSystem/WHO.TRUST.ACTOR",
      "code" : "GDHCN"
    }
  },
  {
    "url" : "http://hl7.org/fhir/5.0/StructureDefinition/extension-ActorDefinition.url",
    "valueUri" : "http://smart.who.int/trust/ActorDefinition/GDHCN"
  },
  {
    "url" : "http://hl7.org/fhir/5.0/StructureDefinition/extension-ActorDefinition.version",
    "valueString" : "1.1.4"
  },
  {
    "url" : "http://hl7.org/fhir/5.0/StructureDefinition/extension-ActorDefinition.name",
    "valueString" : "GDHCN"
  },
  {
    "url" : "http://hl7.org/fhir/5.0/StructureDefinition/extension-ActorDefinition.title",
    "valueString" : "GDHCN"
  },
  {
    "url" : "http://hl7.org/fhir/5.0/StructureDefinition/extension-ActorDefinition.status",
    "valueCode" : "draft"
  },
  {
    "url" : "http://hl7.org/fhir/5.0/StructureDefinition/extension-ActorDefinition.experimental",
    "valueBoolean" : false
  },
  {
    "url" : "http://hl7.org/fhir/5.0/StructureDefinition/extension-ActorDefinition.date",
    "valueDateTime" : "2024-09-05T07:13:58+00:00"
  },
  {
    "url" : "http://hl7.org/fhir/5.0/StructureDefinition/extension-ActorDefinition.publisher",
    "valueString" : "WHO"
  },
  {
    "url" : "http://hl7.org/fhir/5.0/StructureDefinition/extension-ActorDefinition.contact",
    "valueContactDetail" : {
      "name" : "WHO",
      "telecom" : [{
        "system" : "url",
        "value" : "http://who.int"
      }]
    }
  },
  {
    "url" : "http://hl7.org/fhir/5.0/StructureDefinition/extension-ActorDefinition.description",
    "valueMarkdown" : "WHO Global Digital Health Certification Network"
  },
  {
    "url" : "http://hl7.org/fhir/5.0/StructureDefinition/extension-ActorDefinition.jurisdiction",
    "valueCodeableConcept" : {
      "coding" : [{
        "system" : "http://unstats.un.org/unsd/methods/m49/m49.htm",
        "code" : "001"
      }]
    }
  },
  {
    "url" : "http://hl7.org/fhir/5.0/StructureDefinition/extension-ActorDefinition.type",
    "valueCode" : "system"
  }],
  "identifier" : [{
    "value" : "GDHCN"
  }],
  "code" : {
    "coding" : [{
      "system" : "http://hl7.org/fhir/fhir-types",
      "code" : "ActorDefinition"
    }]
  }
}