<?xml version="1.0" encoding="UTF-8"?>

<ValueSet xmlns="http://hl7.org/fhir">
  <id value="HL.TYPE"/>
  <text>
    <status value="generated"/><div xmlns="http://www.w3.org/1999/xhtml"><p class="res-header-id"><b>Generated Narrative: ValueSet HL.TYPE</b></p><a name="HL.TYPE"> </a><a name="hcHL.TYPE"> </a><a name="HL.TYPE-en-US"> </a><ul><li>Include all codes defined in <a href="CodeSystem-HL.TYPE.html"><code>http://smart.who.int/trust/CodeSystem/HL.TYPE</code></a></li></ul></div>
  </text>
  <url value="http://smart.who.int/trust/ValueSet/HL.TYPE"/>
  <version value="1.1.6"/>
  <name value="HL_TYPE"/>
  <title value="HL.TYPE ValueSet "/>
  <status value="active"/>
  <experimental value="true"/>
  <date value="2025-02-27T18:17:59+00:00"/>
  <publisher value="WHO"/>
  <contact>
    <name value="WHO"/>
    <telecom>
      <system value="url"/>
      <value value="http://who.int"/>
    </telecom>
  </contact>
  <description value="ValueSet of HL Type Codes"/>
  <jurisdiction>
    <coding>
      <system value="http://unstats.un.org/unsd/methods/m49/m49.htm"/>
      <code value="001"/>
    </coding>
  </jurisdiction>
  <compose>
    <include>
      <system value="http://smart.who.int/trust/CodeSystem/HL.TYPE"/>
    </include>
  </compose>
</ValueSet>