<?xml version="1.0" encoding="UTF-8"?>

<Endpoint xmlns="http://hl7.org/fhir">
  <id value="GDHCNParticipantDID-IRL-DSC"/>
  <meta>
    <profile value="https://profiles.ihe.net/ITI/mCSD/StructureDefinition/IHE.mCSD.Endpoint"/>
  </meta>
  <text>
    <status value="generated"/><div xmlns="http://www.w3.org/1999/xhtml"><p class="res-header-id"><b>Generated Narrative: Endpoint GDHCNParticipantDID-IRL-DSC</b></p><a name="GDHCNParticipantDID-IRL-DSC"> </a><a name="hcGDHCNParticipantDID-IRL-DSC"> </a><div style="display: inline-block; background-color: #d9e0e7; padding: 6px; margin: 4px; border: 1px solid #8da1b4; border-radius: 5px; line-height: 60%"><p style="margin-bottom: 0px"/><p style="margin-bottom: 0px">Profile: <a href="https://profiles.ihe.net/ITI/mCSD/4.0.0/StructureDefinition-IHE.mCSD.Endpoint.html">mCSD Endpoint</a></p></div><p><b>status</b>: Active</p><p><b>connectionType</b>: <a href="CodeSystem-ConnectionTypes.html#ConnectionTypes-http-get">WHO GDHCN Connection Types http-get</a>: http-get</p><p><b>name</b>: Ireland Trustlist (DID v2) - Document Signing Certificates
did:web:tng-cdn.who.int:v2:trustlist:-:IRL:DSC
resolvable at http://tng-cdn.who.int/v2/trustlist/-/IRL/DSC/did.json</p><p><b>managingOrganization</b>: <a href="Organization-GDHCNParticipant-IRL.html">Organization Ireland</a></p><p><b>payloadType</b>: <span title="Codes:{http://smart.who.int/trust/CodeSystem/PayloadTypes urn:who:trust:trustlist:v2}">WHO GDHCN Trust List v2</span></p><p><b>payloadMimeType</b>: application/did</p><p><b>address</b>: did:web:tng-cdn.who.int:v2:trustlist:-:IRL</p></div>
  </text>
  <status value="active"/>
  <connectionType>
    <system value="http://smart.who.int/trust/CodeSystem/ConnectionTypes"/>
    <code value="http-get"/>
  </connectionType>
  <name value="Ireland Trustlist (DID v2) - Document Signing Certificates&#xD;&#xA;did:web:tng-cdn.who.int:v2:trustlist:-:IRL:DSC&#xD;&#xA;resolvable at http://tng-cdn.who.int/v2/trustlist/-/IRL/DSC/did.json"/>
  <managingOrganization>
    <reference value="Organization/GDHCNParticipant-IRL"/>
  </managingOrganization>
  <payloadType>
    <coding>
      <system value="http://smart.who.int/trust/CodeSystem/PayloadTypes"/>
      <code value="urn:who:trust:trustlist:v2"/>
    </coding>
  </payloadType>
  <payloadMimeType value="application/did"/>
  <address value="did:web:tng-cdn.who.int:v2:trustlist:-:IRL"/>
</Endpoint>