<?xml version="1.0" encoding="UTF-8"?>

<Basic xmlns="http://hl7.org/fhir">
  <id value="PublishBusinessRulesCertLogic"/>
  <meta>
    <profile value="http://smart.who.int/base/StructureDefinition/SGRequirements"/>
  </meta>
  <text>
    <status value="generated"/><div xmlns="http://www.w3.org/1999/xhtml"><p class="res-header-id"><b>Generated Narrative: Requirements PublishBusinessRulesCertLogic</b></p><a name="PublishBusinessRulesCertLogic"> </a><a name="hcPublishBusinessRulesCertLogic"> </a><div style="display: inline-block; background-color: #d9e0e7; padding: 6px; margin: 4px; border: 1px solid #8da1b4; border-radius: 5px; line-height: 60%"><p style="margin-bottom: 0px"/><p style="margin-bottom: 0px">Profile: <a href="https://build.fhir.org/ig/WorldHealthOrganization/smart-base/StructureDefinition-SGRequirements.html">SMART Guidelines Requirements</a></p></div><p>These requirements apply to the actor <a href="ActorDefinition-Issuer.html">Issuer</a></p><table class="grid"/></div>
  </text>
  <extension url="http://smart.who.int/base/StructureDefinition/Satisfies">
    <valueReference>
      <reference value="Requirements/PublishBusinessRules"/>
    </valueReference>
  </extension>
  <extension url="http://hl7.org/fhir/5.0/StructureDefinition/extension-Requirements.url">
    <valueUri value="http://smart.who.int/trust/Requirements/PublishBusinessRulesCertLogic"/>
  </extension>
  <extension url="http://hl7.org/fhir/5.0/StructureDefinition/extension-Requirements.version">
    <valueString value="1.1.6"/>
  </extension>
  <extension url="http://hl7.org/fhir/5.0/StructureDefinition/extension-Requirements.name">
    <valueString value="Publish CertLogic Business Rules"/>
  </extension>
  <extension url="http://hl7.org/fhir/5.0/StructureDefinition/extension-Requirements.title">
    <valueString value="Publish Cert Logic business rules"/>
  </extension>
  <extension url="http://hl7.org/fhir/5.0/StructureDefinition/extension-Requirements.status">
    <valueCode value="active"/>
  </extension>
  <extension url="http://hl7.org/fhir/5.0/StructureDefinition/extension-Requirements.experimental">
    <valueBoolean value="true"/>
  </extension>
  <extension url="http://hl7.org/fhir/5.0/StructureDefinition/extension-Requirements.date">
    <valueDateTime value="2025-09-10T05:43:38+00:00"/>
  </extension>
  <extension url="http://hl7.org/fhir/5.0/StructureDefinition/extension-Requirements.publisher">
    <valueString value="WHO"/>
  </extension>
  <extension url="http://hl7.org/fhir/5.0/StructureDefinition/extension-Requirements.contact">
    <valueContactDetail>
      <name value="WHO"/>
      <telecom>
        <system value="url"/>
        <value value="http://who.int"/>
      </telecom>
    </valueContactDetail>
  </extension>
  <extension url="http://hl7.org/fhir/5.0/StructureDefinition/extension-Requirements.description">
    <valueMarkdown value="Publish Cert Logic business rules to a Trust Anchor"/>
  </extension>
  <extension url="http://hl7.org/fhir/5.0/StructureDefinition/extension-Requirements.jurisdiction">
    <valueCodeableConcept>
      <coding>
        <system value="http://unstats.un.org/unsd/methods/m49/m49.htm"/>
        <code value="001"/>
      </coding>
    </valueCodeableConcept>
  </extension>
  <extension url="http://hl7.org/fhir/5.0/StructureDefinition/extension-Requirements.actor">
    <valueCanonical value="http://smart.who.int/trust/ActorDefinition/Issuer"/>
  </extension>
  <code>
    <coding>
      <system value="http://hl7.org/fhir/fhir-types"/>
      <code value="Requirements"/>
    </coding>
  </code>
</Basic>