<?xml version="1.0" encoding="UTF-8"?><ActorDefinition xmlns="http://hl7.org/fhir"><id value="TrustNetworkAnchor"/><meta><profile value="http://smart.who.int/base/StructureDefinition/SGActor"/></meta><text><status value="generated"/><div xmlns="http://www.w3.org/1999/xhtml"><p class="res-header-id"><b>Generated Narrative: ActorDefinition TrustNetworkAnchor</b></p><a name="TrustNetworkAnchor"> </a><a name="hcTrustNetworkAnchor"> </a><a name="TrustNetworkAnchor-en-US"> </a><div style="display: inline-block; background-color: #d9e0e7; padding: 6px; margin: 4px; border: 1px solid #8da1b4; border-radius: 5px; line-height: 60%"><p style="margin-bottom: 0px"/><p style="margin-bottom: 0px">Profile: <a href="https://build.fhir.org/ig/WorldHealthOrganization/smart-base/StructureDefinition-SGActor.html">SGActor</a></p></div><table class="grid"><tr><td><b>Actor: Trust Network Anchor </b></td><td>Trust Network Anchor</td><td>Type: system </td></tr><tr><td colspan="3"/></tr></table></div></text><url value="http://smart.who.int/trust/ActorDefinition/TrustNetworkAnchor"/><version value="1.1.6"/><name value="Trust Network Anchor"/><title value="Trust Network Anchor"/><status value="active"/><experimental value="true"/><date value="2025-03-10T14:54:54+00:00"/><publisher value="WHO"/><contact><name value="WHO"/><telecom><system value="url"/><value value="http://who.int"/></telecom></contact><description value="Trust Anchor which receives and distributes PKI-material within a Trust Network"/><jurisdiction><coding><system value="http://unstats.un.org/unsd/methods/m49/m49.htm"/><code value="001"/></coding></jurisdiction><type value="system"/></ActorDefinition>