<?xml version="1.0" encoding="UTF-8"?><Requirements xmlns="http://hl7.org/fhir"><id value="ReceiveVDHC"/><meta><profile value="http://smart.who.int/base/StructureDefinition/SGRequirements"/></meta><text><status value="generated"/><div xmlns="http://www.w3.org/1999/xhtml"><p class="res-header-id"><b>Generated Narrative: Requirements ReceiveVDHC</b></p><a name="ReceiveVDHC"> </a><a name="hcReceiveVDHC"> </a><a name="ReceiveVDHC-en-US"> </a><div style="display: inline-block; background-color: #d9e0e7; padding: 6px; margin: 4px; border: 1px solid #8da1b4; border-radius: 5px; line-height: 60%"><p style="margin-bottom: 0px"/><p style="margin-bottom: 0px">Profile: <a href="https://build.fhir.org/ig/WorldHealthOrganization/smart-base/StructureDefinition-SGRequirements.html">SGRequirements</a></p></div><p>These requirements apply to the actor <a href="ActorDefinition-Holder.html">Holder</a></p><table class="grid"/></div></text><url value="http://smart.who.int/trust/Requirements/ReceiveVDHC"/><version value="1.1.6"/><name value="Receive VDHC"/><title value="Receive Verifiable Digital Health Certificate"/><status value="active"/><experimental value="true"/><date value="2025-03-31T22:58:23+00:00"/><publisher value="WHO"/><contact><name value="WHO"/><telecom><system value="url"/><value value="http://who.int"/></telecom></contact><description value="Receive a Verifiable Digital Health Certificate from an Issuer"/><jurisdiction><coding><system value="http://unstats.un.org/unsd/methods/m49/m49.htm"/><code value="001"/></coding></jurisdiction><actor value="http://smart.who.int/trust/ActorDefinition/Holder"/></Requirements>