<?xml version="1.0" encoding="UTF-8"?><ValueSet xmlns="http://hl7.org/fhir"><id value="PayloadTypes"/><text><status value="generated"/><div xmlns="http://www.w3.org/1999/xhtml"><p class="res-header-id"><b>Generated Narrative: ValueSet PayloadTypes</b></p><a name="PayloadTypes"> </a><a name="hcPayloadTypes"> </a><a name="PayloadTypes-en-US"> </a><ul><li>Include all codes defined in <a href="CodeSystem-PayloadTypes.html"><code>http://smart.who.int/trust/CodeSystem/PayloadTypes</code></a></li></ul></div></text><url value="http://smart.who.int/trust/ValueSet/PayloadTypes"/><version value="1.1.6"/><name value="PayloadTypes"/><title value="WHO GDHCN Payload Types"/><status value="active"/><experimental value="true"/><date value="2025-03-31T22:58:23+00:00"/><publisher value="WHO"/><contact><name value="WHO"/><telecom><system value="url"/><value value="http://who.int"/></telecom></contact><description value="ValueSet of GDHCN Trust Network Payload Types"/><jurisdiction><coding><system value="http://unstats.un.org/unsd/methods/m49/m49.htm"/><code value="001"/></coding></jurisdiction><compose><include><system value="http://smart.who.int/trust/CodeSystem/PayloadTypes"/></include></compose></ValueSet>