{
  "resourceType" : "ValueSet",
  "id" : "552891ce-b7b5-42b1-b83a-b8578dbcb50c-14",
  "url" : "http://hl7.org/fhir/comparison/ValueSet/552891ce-b7b5-42b1-b83a-b8578dbcb50c-14",
  "name" : "UnionWHO_TRUST_ACTORAndWHO_TRUST_ACTOR",
  "title" : "Union of TRUST.ACTOR ValueSet of key usage codes  And TRUST.ACTOR ValueSet of key usage codes ",
  "status" : "active",
  "date" : "2025-02-21T10:12:20+00:00",
  "jurisdiction" : [{
    "coding" : [{
      "system" : "http://unstats.un.org/unsd/methods/m49/m49.htm",
      "code" : "001"
    }]
  }]
}