<?xml version="1.0" encoding="UTF-8"?><ValueSet xmlns="http://hl7.org/fhir"><id value="ConnectionTypes"/><text><status value="generated"/><div xmlns="http://www.w3.org/1999/xhtml"><p class="res-header-id"><b>Generated Narrative: ValueSet ConnectionTypes</b></p><a name="ConnectionTypes"> </a><a name="hcConnectionTypes"> </a><a name="ConnectionTypes-en-US"> </a><ul><li>Include all codes defined in <a href="CodeSystem-ConnectionTypes.html"><code>http://smart.who.int/trust/CodeSystem/ConnectionTypes</code></a></li></ul></div></text><url value="http://smart.who.int/trust/ValueSet/ConnectionTypes"/><version value="1.1.6"/><name value="ConnectionTypes"/><title value="WHO GDHCN Connection Types"/><status value="active"/><experimental value="true"/><date value="2025-04-01T20:27:19+00:00"/><publisher value="WHO"/><contact><name value="WHO"/><telecom><system value="url"/><value value="http://who.int"/></telecom></contact><description value="ValueSet of GDHCN Trust Network Connection Types"/><jurisdiction><coding><system value="http://unstats.un.org/unsd/methods/m49/m49.htm"/><code value="001"/></coding></jurisdiction><compose><include><system value="http://smart.who.int/trust/CodeSystem/ConnectionTypes"/></include></compose></ValueSet>