{
  "resourceType" : "CodeSystem",
  "id" : "32472a90-ae14-4ea2-b9e8-cd758ec12702-12",
  "url" : "http://hl7.org/fhir/comparison/CodeSystem/32472a90-ae14-4ea2-b9e8-cd758ec12702-12",
  "name" : "IntersectionWHO_TRUST_TRANSACTIONAndWHO_TRUST_TRANSACTION",
  "title" : "Intersection of WHO.TRUST.TRANSACTION CodeSystem And WHO.TRUST.TRANSACTION CodeSystem",
  "status" : "active",
  "date" : "2025-03-13T07:44:01+00:00",
  "jurisdiction" : [{
    "coding" : [{
      "system" : "http://unstats.un.org/unsd/methods/m49/m49.htm",
      "code" : "001"
    }]
  }],
  "concept" : [{
    "code" : "keys-get-api"
  },
  {
    "code" : "keys-get-did"
  },
  {
    "code" : "keys-put-api"
  }]
}