{
  "resourceType" : "CodeSystem",
  "id" : "8932151e-a58e-4b7a-bea7-446dd14eb0a2-6",
  "url" : "http://hl7.org/fhir/comparison/CodeSystem/8932151e-a58e-4b7a-bea7-446dd14eb0a2-6",
  "name" : "IntersectionWHO_TRUST_DOMAINAndWHO_TRUST_DOMAIN",
  "title" : "Intersection of WHO SMART Trust Domains And WHO SMART Trust Domains",
  "status" : "active",
  "date" : "2024-12-11T11:28:46+00:00",
  "jurisdiction" : [{
    "coding" : [{
      "system" : "http://unstats.un.org/unsd/methods/m49/m49.htm",
      "code" : "001"
    }]
  }],
  "concept" : [{
    "code" : "DDCC",
    "display" : "WHO DDCC"
  },
  {
    "code" : "IPS-PILGRIMAGE",
    "display" : "IPS for Pilgrimage"
  }]
}