{
  "resourceType" : "Endpoint",
  "id" : "GDHCNParticipantDID-SAU-UAT-All",
  "meta" : {
    "profile" : ["https://profiles.ihe.net/ITI/mCSD/StructureDefinition/IHE.mCSD.Endpoint"]
  },
  "text" : {
    "status" : "generated",
    "div" : "<div xmlns=\"http://www.w3.org/1999/xhtml\"><p class=\"res-header-id\"><b>Generated Narrative: Endpoint GDHCNParticipantDID-SAU-UAT-All</b></p><a name=\"GDHCNParticipantDID-SAU-UAT-All\"> </a><a name=\"hcGDHCNParticipantDID-SAU-UAT-All\"> </a><div style=\"display: inline-block; background-color: #d9e0e7; padding: 6px; margin: 4px; border: 1px solid #8da1b4; border-radius: 5px; line-height: 60%\"><p style=\"margin-bottom: 0px\"/><p style=\"margin-bottom: 0px\">Profile: <a href=\"https://profiles.ihe.net/ITI/mCSD/4.0.0/StructureDefinition-IHE.mCSD.Endpoint.html\">mCSD Endpoint</a></p></div><p><b>status</b>: Active</p><p><b>connectionType</b>: <a href=\"CodeSystem-ConnectionTypes.html#ConnectionTypes-http-get\">WHO GDHCN Connection Types http-get</a>: http-get</p><p><b>name</b>: Saudi Arabia Trustlist (DID v2) - UAT - All keys\ndid:web:tng-cdn.who.int:v2:trustlist:-:SAU\nresolvable at https://tng-cdn-uat.who.int/v2/trustlist/-/SAU/did.json</p><p><b>managingOrganization</b>: <a href=\"Organization-GDHCNParticipant-SAU-UAT.html\">Organization Saudi Arabia</a></p><p><b>payloadType</b>: <span title=\"Codes:{http://smart.who.int/trust/CodeSystem/PayloadTypes urn:who:trust:trustlist:v2}\">WHO GDHCN Trust List v2</span></p><p><b>payloadMimeType</b>: application/did</p><p><b>address</b>: did:web:tng-cdn.who.int:v2:trustlist:-:SAU</p></div>"
  },
  "status" : "active",
  "connectionType" : {
    "system" : "http://smart.who.int/trust/CodeSystem/ConnectionTypes",
    "code" : "http-get"
  },
  "name" : "Saudi Arabia Trustlist (DID v2) - UAT - All keys\ndid:web:tng-cdn.who.int:v2:trustlist:-:SAU\nresolvable at https://tng-cdn-uat.who.int/v2/trustlist/-/SAU/did.json",
  "managingOrganization" : {
    "reference" : "Organization/GDHCNParticipant-SAU-UAT"
  },
  "payloadType" : [{
    "coding" : [{
      "system" : "http://smart.who.int/trust/CodeSystem/PayloadTypes",
      "code" : "urn:who:trust:trustlist:v2"
    }]
  }],
  "payloadMimeType" : ["application/did"],
  "address" : "did:web:tng-cdn.who.int:v2:trustlist:-:SAU"
}