{
  "resourceType" : "Organization",
  "id" : "GDHCNParticipant-CZE-UAT",
  "meta" : {
    "profile" : ["https://profiles.ihe.net/ITI/mCSD/StructureDefinition/IHE.mCSD.Organization"]
  },
  "text" : {
    "status" : "generated",
    "div" : "<div xmlns=\"http://www.w3.org/1999/xhtml\"><p class=\"res-header-id\"><b>Generated Narrative: Organization GDHCNParticipant-CZE-UAT</b></p><a name=\"GDHCNParticipant-CZE-UAT\"> </a><a name=\"hcGDHCNParticipant-CZE-UAT\"> </a><div style=\"display: inline-block; background-color: #d9e0e7; padding: 6px; margin: 4px; border: 1px solid #8da1b4; border-radius: 5px; line-height: 60%\"><p style=\"margin-bottom: 0px\"/><p style=\"margin-bottom: 0px\">Profile: <a href=\"https://profiles.ihe.net/ITI/mCSD/4.0.0/StructureDefinition-IHE.mCSD.Organization.html\">mCSD Organization</a></p></div><p><b>type</b>: <span title=\"Codes:{http://terminology.hl7.org/CodeSystem/organization-type govt}\">Government</span></p><p><b>name</b>: Czechia</p><p><b>endpoint</b>: </p><ul><li><a href=\"Endpoint-GDHCNParticipantDID-CZE-UAT-All.html\">Endpoint Czechia Trustlist (DID v2) - UAT - All keys\ndid:web:tng-cdn.who.int:v2:trustlist:-:CZE\nresolvable at https://tng-cdn-uat.who.int/v2/trustlist/-/CZE/did.json</a></li><li><a href=\"Endpoint-GDHCNParticipantDID-CZE-UAT-DSC.html\">Endpoint Czechia Trustlist (DID v2) - UAT - Document Signing Certificates\ndid:web:tng-cdn.who.int:v2:trustlist:-:CZE:DSC\nresolvable at https://tng-cdn-uat.who.int/v2/trustlist/-/CZE/DSC/did.json</a></li><li><a href=\"Endpoint-GDHCNParticipantDID-CZE-UAT-SCA.html\">Endpoint Czechia Trustlist (DID v2) - UAT - Certificate Signing Authority\ndid:web:tng-cdn.who.int:v2:trustlist:-:CZE:SCA\nresolvable at https://tng-cdn-uat.who.int/v2/trustlist/-/CZE/SCA/did.json</a></li></ul></div>"
  },
  "type" : [{
    "coding" : [{
      "system" : "http://terminology.hl7.org/CodeSystem/organization-type",
      "code" : "govt"
    }]
  }],
  "name" : "Czechia",
  "endpoint" : [{
    "reference" : "Endpoint/GDHCNParticipantDID-CZE-UAT-All"
  },
  {
    "reference" : "Endpoint/GDHCNParticipantDID-CZE-UAT-DSC"
  },
  {
    "reference" : "Endpoint/GDHCNParticipantDID-CZE-UAT-SCA"
  }]
}