<?xml version="1.0" encoding="UTF-8"?>

<ValueSet xmlns="http://hl7.org/fhir">
  <id value="WHO.TRUST.ACTOR"/>
  <text>
    <status value="generated"/><div xmlns="http://www.w3.org/1999/xhtml"><p class="res-header-id"><b>Generated Narrative: ValueSet WHO.TRUST.ACTOR</b></p><a name="WHO.TRUST.ACTOR"> </a><a name="hcWHO.TRUST.ACTOR"> </a><a name="WHO.TRUST.ACTOR-en-US"> </a><ul><li>Include all codes defined in <code>http://smart.who.int/ips-pilgrimage/CodeSystem/WHO.TRUST.ACTOR</code></li></ul></div>
  </text>
  <url value="http://smart.who.int/trust/ValueSet/WHO.TRUST.ACTOR"/>
  <version value="1.1.5"/>
  <name value="WHO_TRUST_ACTOR"/>
  <title value="TRUST.ACTOR ValueSet of key usage codes "/>
  <status value="active"/>
  <experimental value="true"/>
  <date value="2024-12-11T11:27:18+00:00"/>
  <publisher value="WHO"/>
  <contact>
    <name value="WHO"/>
    <telecom>
      <system value="url"/>
      <value value="http://who.int"/>
    </telecom>
  </contact>
  <description value="ValueSet of codes for key usage codes"/>
  <jurisdiction>
    <coding>
      <system value="http://unstats.un.org/unsd/methods/m49/m49.htm"/>
      <code value="001"/>
    </coding>
  </jurisdiction>
  <compose>
    <include>
      <system value="http://smart.who.int/ips-pilgrimage/CodeSystem/WHO.TRUST.ACTOR"/>
    </include>
  </compose>
</ValueSet>