{
  "resourceType" : "ValueSet",
  "id" : "WHO.TRUST.DOMAIN",
  "text" : {
    "status" : "extensions",
    "div" : "<div xmlns=\"http://www.w3.org/1999/xhtml\"><p class=\"res-header-id\"><b>Generated Narrative: ValueSet WHO.TRUST.DOMAIN</b></p><a name=\"WHO.TRUST.DOMAIN\"> </a><a name=\"hcWHO.TRUST.DOMAIN\"> </a><a name=\"WHO.TRUST.DOMAIN-en-US\"> </a><ul><li>Include these codes as defined in <a href=\"CodeSystem-WHO.TRUST.DOMAIN.html\"><code>http://smart.who.int/trust/CodeSystem/WHO.TRUST.DOMAIN</code></a><table class=\"none\"><tr><td style=\"white-space:nowrap\"><b>Code</b></td><td><b>Display</b></td><td><b>Definition</b></td></tr><tr><td><a href=\"CodeSystem-WHO.TRUST.DOMAIN.html#WHO.TRUST.DOMAIN-DDCC\">DDCC</a></td><td style=\"color: #cccccc\">DDCC</td><td>The Digital Documentation for COVID-19 Certificates (DDCC) is defined by the SMART Implementation Guide at http://smart.who.int/ddcc</td></tr><tr><td><a href=\"CodeSystem-WHO.TRUST.DOMAIN.html#WHO.TRUST.DOMAIN-IPS-PILGRIMAGE\">IPS-PILGRIMAGE</a></td><td style=\"color: #cccccc\">IPS for Pilgrimage</td><td>The IPS for Pilgrimage is defined by the SMART Implementation Guide at http://smart.who.int/ips-pilgrimage</td></tr></table></li></ul></div>"
  },
  "url" : "http://smart.who.int/trust/ValueSet/WHO.TRUST.DOMAIN",
  "version" : "1.1.6",
  "name" : "WHO_TRUST_DOMAIN",
  "title" : "WHO SMART Trust Domains",
  "status" : "draft",
  "experimental" : false,
  "date" : "2025-03-13T07:40:40+00:00",
  "publisher" : "WHO",
  "contact" : [{
    "name" : "WHO",
    "telecom" : [{
      "system" : "url",
      "value" : "http://who.int"
    }]
  }],
  "description" : "WHO GDHCN Trust Domains",
  "jurisdiction" : [{
    "coding" : [{
      "system" : "http://unstats.un.org/unsd/methods/m49/m49.htm",
      "code" : "001"
    }]
  }],
  "compose" : {
    "include" : [{
      "system" : "http://smart.who.int/trust/CodeSystem/WHO.TRUST.DOMAIN",
      "concept" : [{
        "code" : "DDCC"
      },
      {
        "code" : "IPS-PILGRIMAGE"
      }]
    }]
  }
}