{"resourceType":"ValueSet","id":"WHO.TRUST.ACTOR","text":{"status":"generated","div":"<div xmlns=\"http://www.w3.org/1999/xhtml\"><p class=\"res-header-id\"><b>Generated Narrative: ValueSet WHO.TRUST.ACTOR</b></p><a name=\"WHO.TRUST.ACTOR\"> </a><a name=\"hcWHO.TRUST.ACTOR\"> </a><a name=\"WHO.TRUST.ACTOR-en-US\"> </a><ul><li>Include all codes defined in <code>http://smart.who.int/ips-pilgrimage/CodeSystem/WHO.TRUST.ACTOR</code></li></ul></div>"},"url":"http://smart.who.int/trust/ValueSet/WHO.TRUST.ACTOR","version":"1.1.6","name":"WHO_TRUST_ACTOR","title":"TRUST.ACTOR ValueSet of key usage codes ","status":"active","experimental":true,"date":"2025-02-27T18:17:59+00:00","publisher":"WHO","contact":[{"name":"WHO","telecom":[{"system":"url","value":"http://who.int"}]}],"description":"ValueSet of codes for key usage codes","jurisdiction":[{"coding":[{"system":"http://unstats.un.org/unsd/methods/m49/m49.htm","code":"001"}]}],"compose":{"include":[{"system":"http://smart.who.int/ips-pilgrimage/CodeSystem/WHO.TRUST.ACTOR"}]}}