{
  "resourceType" : "Organization",
  "id" : "GDHCNParticipant-MCO",
  "meta" : {
    "profile" : ["https://profiles.ihe.net/ITI/mCSD/StructureDefinition/IHE.mCSD.Organization"]
  },
  "text" : {
    "status" : "generated",
    "div" : "<div xmlns=\"http://www.w3.org/1999/xhtml\"><p class=\"res-header-id\"><b>Generated Narrative: Organization GDHCNParticipant-MCO</b></p><a name=\"GDHCNParticipant-MCO\"> </a><a name=\"hcGDHCNParticipant-MCO\"> </a><a name=\"GDHCNParticipant-MCO-en-US\"> </a><div style=\"display: inline-block; background-color: #d9e0e7; padding: 6px; margin: 4px; border: 1px solid #8da1b4; border-radius: 5px; line-height: 60%\"><p style=\"margin-bottom: 0px\"/><p style=\"margin-bottom: 0px\">Profile: <a href=\"https://profiles.ihe.net/ITI/mCSD/3.8.0/StructureDefinition-IHE.mCSD.Organization.html\">mCSD Organization</a></p></div><p><b>type</b>: <span title=\"Codes:{http://terminology.hl7.org/CodeSystem/organization-type govt}\">Government</span></p><p><b>name</b>: Monaco</p><p><b>endpoint</b>: </p><ul><li><a href=\"Endpoint-GDHCNParticipantDID-MCO-All.html\">Endpoint Monaco Trustlist (DID v2) - All keys\r\ndid:web:tng-cdn.who.int:v2:trustlist:-:MCO\r\nresolvable at http://tng-cdn.who.int/v2/trustlist/-/MCO/did.json</a></li><li><a href=\"Endpoint-GDHCNParticipantDID-MCO-DSC.html\">Endpoint Monaco Trustlist (DID v2) - Document Signing Certificates\r\ndid:web:tng-cdn.who.int:v2:trustlist:-:MCO:DSC\r\nresolvable at http://tng-cdn.who.int/v2/trustlist/-/MCO/DSC/did.json</a></li><li><a href=\"Endpoint-GDHCNParticipantDID-MCO-SCA.html\">Endpoint Monaco Trustlist (DID v2) - Certificate Signing Authority\r\ndid:web:tng-cdn.who.int:v2:trustlist:-:MCO:DSC\r\nresolvable at http://tng-cdn.who.int/v2/trustlist/-/MCO/SCA/did.json</a></li></ul></div>"
  },
  "type" : [{
    "coding" : [{
      "system" : "http://terminology.hl7.org/CodeSystem/organization-type",
      "code" : "govt"
    }]
  }],
  "name" : "Monaco",
  "endpoint" : [{
    "reference" : "Endpoint/GDHCNParticipantDID-MCO-All"
  },
  {
    "reference" : "Endpoint/GDHCNParticipantDID-MCO-DSC"
  },
  {
    "reference" : "Endpoint/GDHCNParticipantDID-MCO-SCA"
  }]
}