{
  "resourceType" : "Organization",
  "id" : "GDHCNParticipant-SVN",
  "meta" : {
    "profile" : ["https://profiles.ihe.net/ITI/mCSD/StructureDefinition/IHE.mCSD.Organization"]
  },
  "text" : {
    "status" : "generated",
    "div" : "<div xmlns=\"http://www.w3.org/1999/xhtml\"><p class=\"res-header-id\"><b>Generated Narrative: Organization GDHCNParticipant-SVN</b></p><a name=\"GDHCNParticipant-SVN\"> </a><a name=\"hcGDHCNParticipant-SVN\"> </a><a name=\"GDHCNParticipant-SVN-en-US\"> </a><div style=\"display: inline-block; background-color: #d9e0e7; padding: 6px; margin: 4px; border: 1px solid #8da1b4; border-radius: 5px; line-height: 60%\"><p style=\"margin-bottom: 0px\"/><p style=\"margin-bottom: 0px\">Profile: <a href=\"https://profiles.ihe.net/ITI/mCSD/3.8.0/StructureDefinition-IHE.mCSD.Organization.html\">mCSD Organization</a></p></div><p><b>type</b>: <span title=\"Codes:{http://terminology.hl7.org/CodeSystem/organization-type govt}\">Government</span></p><p><b>name</b>: Slovenia</p><p><b>endpoint</b>: </p><ul><li><a href=\"Endpoint-GDHCNParticipantDID-SVN-All.html\">Endpoint Slovenia Trustlist (DID v2) - All keys\r\ndid:web:tng-cdn.who.int:v2:trustlist:-:SVN\r\nresolvable at http://tng-cdn.who.int/v2/trustlist/-/SVN/did.json</a></li><li><a href=\"Endpoint-GDHCNParticipantDID-SVN-DSC.html\">Endpoint Slovenia Trustlist (DID v2) - Document Signing Certificates\r\ndid:web:tng-cdn.who.int:v2:trustlist:-:SVN:DSC\r\nresolvable at http://tng-cdn.who.int/v2/trustlist/-/SVN/DSC/did.json</a></li><li><a href=\"Endpoint-GDHCNParticipantDID-SVN-SCA.html\">Endpoint Slovenia Trustlist (DID v2) - Certificate Signing Authority\r\ndid:web:tng-cdn.who.int:v2:trustlist:-:SVN:DSC\r\nresolvable at http://tng-cdn.who.int/v2/trustlist/-/SVN/SCA/did.json</a></li></ul></div>"
  },
  "type" : [{
    "coding" : [{
      "system" : "http://terminology.hl7.org/CodeSystem/organization-type",
      "code" : "govt"
    }]
  }],
  "name" : "Slovenia",
  "endpoint" : [{
    "reference" : "Endpoint/GDHCNParticipantDID-SVN-All"
  },
  {
    "reference" : "Endpoint/GDHCNParticipantDID-SVN-DSC"
  },
  {
    "reference" : "Endpoint/GDHCNParticipantDID-SVN-SCA"
  }]
}