{
  "resourceType" : "Requirements",
  "id" : "RetrievePKIMaterial",
  "meta" : {
    "profile" : ["http://smart.who.int/base/StructureDefinition/SGRequirements"]
  },
  "text" : {
    "status" : "generated",
    "div" : "<div xmlns=\"http://www.w3.org/1999/xhtml\"><p class=\"res-header-id\"><b>Generated Narrative: Requirements RetrievePKIMaterial</b></p><a name=\"RetrievePKIMaterial\"> </a><a name=\"hcRetrievePKIMaterial\"> </a><a name=\"RetrievePKIMaterial-en-US\"> </a><div style=\"display: inline-block; background-color: #d9e0e7; padding: 6px; margin: 4px; border: 1px solid #8da1b4; border-radius: 5px; line-height: 60%\"><p style=\"margin-bottom: 0px\"/><p style=\"margin-bottom: 0px\">Profile: <a href=\"https://build.fhir.org/ig/WorldHealthOrganization/smart-base/StructureDefinition-SGRequirements.html\">SGRequirements</a></p></div><p>These requirements apply to the following actors: </p><ul><li><a href=\"ActorDefinition-TrustNetworkParticipant.html\">Trust Network Participant</a></li><li><a href=\"ActorDefinition-TrustNetworkAnchor.html\">Trust Network Anchor</a></li></ul><table class=\"grid\"/></div>"
  },
  "url" : "http://smart.who.int/trust/Requirements/RetrievePKIMaterial",
  "version" : "1.1.6",
  "name" : "Retrieve Public Keys",
  "title" : "Retrieve PKI material",
  "status" : "active",
  "experimental" : true,
  "date" : "2025-04-01T19:19:40+00:00",
  "publisher" : "WHO",
  "contact" : [{
    "name" : "WHO",
    "telecom" : [{
      "system" : "url",
      "value" : "http://who.int"
    }]
  }],
  "description" : "Retrieve PKI material from a distribution point",
  "jurisdiction" : [{
    "coding" : [{
      "system" : "http://unstats.un.org/unsd/methods/m49/m49.htm",
      "code" : "001"
    }]
  }],
  "actor" : ["http://smart.who.int/trust/ActorDefinition/TrustNetworkParticipant",
  "http://smart.who.int/trust/ActorDefinition/TrustNetworkAnchor"]
}