{
  "resourceType" : "CodeSystem",
  "id" : "GHOCountryList",
  "text" : {
    "status" : "generated",
    "div" : "<div xmlns=\"http://www.w3.org/1999/xhtml\"><p class=\"res-header-id\"><b>Generated Narrative: CodeSystem GHOCountryList</b></p><a name=\"GHOCountryList\"> </a><a name=\"hcGHOCountryList\"> </a><a name=\"GHOCountryList-en-US\"> </a><p>This  code system <code>http://smart.who.int/trust/CodeSystem/GHOCountryList</code> defines the following codes:</p><table class=\"codes\"><tr><td style=\"white-space:nowrap\"><b>Code</b></td><td><b>Display</b></td></tr><tr><td style=\"white-space:nowrap\">ABW<a name=\"GHOCountryList-ABW\"> </a></td><td>Aruba</td></tr><tr><td style=\"white-space:nowrap\">AFG<a name=\"GHOCountryList-AFG\"> </a></td><td>Afghanistan</td></tr><tr><td style=\"white-space:nowrap\">AGO<a name=\"GHOCountryList-AGO\"> </a></td><td>Angola</td></tr><tr><td style=\"white-space:nowrap\">AIA<a name=\"GHOCountryList-AIA\"> </a></td><td>Anguilla</td></tr><tr><td style=\"white-space:nowrap\">ALB<a name=\"GHOCountryList-ALB\"> </a></td><td>Albania</td></tr><tr><td style=\"white-space:nowrap\">AND<a name=\"GHOCountryList-AND\"> </a></td><td>Andorra</td></tr><tr><td style=\"white-space:nowrap\">ARE<a name=\"GHOCountryList-ARE\"> </a></td><td>United Arab Emirates</td></tr><tr><td style=\"white-space:nowrap\">ARG<a name=\"GHOCountryList-ARG\"> </a></td><td>Argentina</td></tr><tr><td style=\"white-space:nowrap\">ARM<a name=\"GHOCountryList-ARM\"> </a></td><td>Armenia</td></tr><tr><td style=\"white-space:nowrap\">ASM<a name=\"GHOCountryList-ASM\"> </a></td><td>American Samoa</td></tr><tr><td style=\"white-space:nowrap\">ATG<a name=\"GHOCountryList-ATG\"> </a></td><td>Antigua and Barbuda</td></tr><tr><td style=\"white-space:nowrap\">AUS<a name=\"GHOCountryList-AUS\"> </a></td><td>Australia</td></tr><tr><td style=\"white-space:nowrap\">AUT<a name=\"GHOCountryList-AUT\"> </a></td><td>Austria</td></tr><tr><td style=\"white-space:nowrap\">AZE<a name=\"GHOCountryList-AZE\"> </a></td><td>Azerbaijan</td></tr><tr><td style=\"white-space:nowrap\">BDI<a name=\"GHOCountryList-BDI\"> </a></td><td>Burundi</td></tr><tr><td style=\"white-space:nowrap\">BEL<a name=\"GHOCountryList-BEL\"> </a></td><td>Belgium</td></tr><tr><td style=\"white-space:nowrap\">BEN<a name=\"GHOCountryList-BEN\"> </a></td><td>Benin</td></tr><tr><td style=\"white-space:nowrap\">BES<a name=\"GHOCountryList-BES\"> </a></td><td>Bonaire, Saint Eustatius and Saba</td></tr><tr><td style=\"white-space:nowrap\">BFA<a name=\"GHOCountryList-BFA\"> </a></td><td>Burkina Faso</td></tr><tr><td style=\"white-space:nowrap\">BGD<a name=\"GHOCountryList-BGD\"> </a></td><td>Bangladesh</td></tr><tr><td style=\"white-space:nowrap\">BGR<a name=\"GHOCountryList-BGR\"> </a></td><td>Bulgaria</td></tr><tr><td style=\"white-space:nowrap\">BHR<a name=\"GHOCountryList-BHR\"> </a></td><td>Bahrain</td></tr><tr><td style=\"white-space:nowrap\">BHS<a name=\"GHOCountryList-BHS\"> </a></td><td>Bahamas</td></tr><tr><td style=\"white-space:nowrap\">BIH<a name=\"GHOCountryList-BIH\"> </a></td><td>Bosnia and Herzegovina</td></tr><tr><td style=\"white-space:nowrap\">BLR<a name=\"GHOCountryList-BLR\"> </a></td><td>Belarus</td></tr><tr><td style=\"white-space:nowrap\">BLZ<a name=\"GHOCountryList-BLZ\"> </a></td><td>Belize</td></tr><tr><td style=\"white-space:nowrap\">BMU<a name=\"GHOCountryList-BMU\"> </a></td><td>Bermuda</td></tr><tr><td style=\"white-space:nowrap\">BOL<a name=\"GHOCountryList-BOL\"> </a></td><td>Bolivia (Plurinational State of)</td></tr><tr><td style=\"white-space:nowrap\">BRA<a name=\"GHOCountryList-BRA\"> </a></td><td>Brazil</td></tr><tr><td style=\"white-space:nowrap\">BRB<a name=\"GHOCountryList-BRB\"> </a></td><td>Barbados</td></tr><tr><td style=\"white-space:nowrap\">BRN<a name=\"GHOCountryList-BRN\"> </a></td><td>Brunei Darussalam</td></tr><tr><td style=\"white-space:nowrap\">BTN<a name=\"GHOCountryList-BTN\"> </a></td><td>Bhutan</td></tr><tr><td style=\"white-space:nowrap\">BWA<a name=\"GHOCountryList-BWA\"> </a></td><td>Botswana</td></tr><tr><td style=\"white-space:nowrap\">CAF<a name=\"GHOCountryList-CAF\"> </a></td><td>Central African Republic</td></tr><tr><td style=\"white-space:nowrap\">CAN<a name=\"GHOCountryList-CAN\"> </a></td><td>Canada</td></tr><tr><td style=\"white-space:nowrap\">CHE<a name=\"GHOCountryList-CHE\"> </a></td><td>Switzerland</td></tr><tr><td style=\"white-space:nowrap\">CHI<a name=\"GHOCountryList-CHI\"> </a></td><td>Channel islands</td></tr><tr><td style=\"white-space:nowrap\">CHL<a name=\"GHOCountryList-CHL\"> </a></td><td>Chile</td></tr><tr><td style=\"white-space:nowrap\">CHN<a name=\"GHOCountryList-CHN\"> </a></td><td>China</td></tr><tr><td style=\"white-space:nowrap\">CIV<a name=\"GHOCountryList-CIV\"> </a></td><td>Cote d'Ivoire</td></tr><tr><td style=\"white-space:nowrap\">CMR<a name=\"GHOCountryList-CMR\"> </a></td><td>Cameroon</td></tr><tr><td style=\"white-space:nowrap\">COD<a name=\"GHOCountryList-COD\"> </a></td><td>Democratic Republic of the Congo</td></tr><tr><td style=\"white-space:nowrap\">COG<a name=\"GHOCountryList-COG\"> </a></td><td>Congo</td></tr><tr><td style=\"white-space:nowrap\">COK<a name=\"GHOCountryList-COK\"> </a></td><td>Cook Islands</td></tr><tr><td style=\"white-space:nowrap\">COL<a name=\"GHOCountryList-COL\"> </a></td><td>Colombia</td></tr><tr><td style=\"white-space:nowrap\">COM<a name=\"GHOCountryList-COM\"> </a></td><td>Comoros</td></tr><tr><td style=\"white-space:nowrap\">CPV<a name=\"GHOCountryList-CPV\"> </a></td><td>Cabo Verde</td></tr><tr><td style=\"white-space:nowrap\">CRI<a name=\"GHOCountryList-CRI\"> </a></td><td>Costa Rica</td></tr><tr><td style=\"white-space:nowrap\">CUB<a name=\"GHOCountryList-CUB\"> </a></td><td>Cuba</td></tr><tr><td style=\"white-space:nowrap\">CUW<a name=\"GHOCountryList-CUW\"> </a></td><td>Curaçao</td></tr><tr><td style=\"white-space:nowrap\">CYM<a name=\"GHOCountryList-CYM\"> </a></td><td>Cayman Islands</td></tr><tr><td style=\"white-space:nowrap\">CYP<a name=\"GHOCountryList-CYP\"> </a></td><td>Cyprus</td></tr><tr><td style=\"white-space:nowrap\">CZE<a name=\"GHOCountryList-CZE\"> </a></td><td>Czechia</td></tr><tr><td style=\"white-space:nowrap\">DEU<a name=\"GHOCountryList-DEU\"> </a></td><td>Germany</td></tr><tr><td style=\"white-space:nowrap\">DJI<a name=\"GHOCountryList-DJI\"> </a></td><td>Djibouti</td></tr><tr><td style=\"white-space:nowrap\">DMA<a name=\"GHOCountryList-DMA\"> </a></td><td>Dominica</td></tr><tr><td style=\"white-space:nowrap\">DNK<a name=\"GHOCountryList-DNK\"> </a></td><td>Denmark</td></tr><tr><td style=\"white-space:nowrap\">DOM<a name=\"GHOCountryList-DOM\"> </a></td><td>Dominican Republic</td></tr><tr><td style=\"white-space:nowrap\">DZA<a name=\"GHOCountryList-DZA\"> </a></td><td>Algeria</td></tr><tr><td style=\"white-space:nowrap\">ECU<a name=\"GHOCountryList-ECU\"> </a></td><td>Ecuador</td></tr><tr><td style=\"white-space:nowrap\">EGY<a name=\"GHOCountryList-EGY\"> </a></td><td>Egypt</td></tr><tr><td style=\"white-space:nowrap\">ERI<a name=\"GHOCountryList-ERI\"> </a></td><td>Eritrea</td></tr><tr><td style=\"white-space:nowrap\">ESP<a name=\"GHOCountryList-ESP\"> </a></td><td>Spain</td></tr><tr><td style=\"white-space:nowrap\">EST<a name=\"GHOCountryList-EST\"> </a></td><td>Estonia</td></tr><tr><td style=\"white-space:nowrap\">ETH<a name=\"GHOCountryList-ETH\"> </a></td><td>Ethiopia</td></tr><tr><td style=\"white-space:nowrap\">FIN<a name=\"GHOCountryList-FIN\"> </a></td><td>Finland</td></tr><tr><td style=\"white-space:nowrap\">FJI<a name=\"GHOCountryList-FJI\"> </a></td><td>Fiji</td></tr><tr><td style=\"white-space:nowrap\">FLK<a name=\"GHOCountryList-FLK\"> </a></td><td>Falkland Islands (Malvinas)</td></tr><tr><td style=\"white-space:nowrap\">FRA<a name=\"GHOCountryList-FRA\"> </a></td><td>France</td></tr><tr><td style=\"white-space:nowrap\">FRO<a name=\"GHOCountryList-FRO\"> </a></td><td>Faroe Islands</td></tr><tr><td style=\"white-space:nowrap\">FSM<a name=\"GHOCountryList-FSM\"> </a></td><td>Micronesia (Federated States of)</td></tr><tr><td style=\"white-space:nowrap\">GAB<a name=\"GHOCountryList-GAB\"> </a></td><td>Gabon</td></tr><tr><td style=\"white-space:nowrap\">GBR<a name=\"GHOCountryList-GBR\"> </a></td><td>United Kingdom of Great Britain and Northern Ireland</td></tr><tr><td style=\"white-space:nowrap\">GEO<a name=\"GHOCountryList-GEO\"> </a></td><td>Georgia</td></tr><tr><td style=\"white-space:nowrap\">GHA<a name=\"GHOCountryList-GHA\"> </a></td><td>Ghana</td></tr><tr><td style=\"white-space:nowrap\">GIB<a name=\"GHOCountryList-GIB\"> </a></td><td>Gibraltar</td></tr><tr><td style=\"white-space:nowrap\">GIN<a name=\"GHOCountryList-GIN\"> </a></td><td>Guinea</td></tr><tr><td style=\"white-space:nowrap\">GLP<a name=\"GHOCountryList-GLP\"> </a></td><td>Guadeloupe</td></tr><tr><td style=\"white-space:nowrap\">GMB<a name=\"GHOCountryList-GMB\"> </a></td><td>Gambia</td></tr><tr><td style=\"white-space:nowrap\">GNB<a name=\"GHOCountryList-GNB\"> </a></td><td>Guinea-Bissau</td></tr><tr><td style=\"white-space:nowrap\">GNQ<a name=\"GHOCountryList-GNQ\"> </a></td><td>Equatorial Guinea</td></tr><tr><td style=\"white-space:nowrap\">GRC<a name=\"GHOCountryList-GRC\"> </a></td><td>Greece</td></tr><tr><td style=\"white-space:nowrap\">GRD<a name=\"GHOCountryList-GRD\"> </a></td><td>Grenada</td></tr><tr><td style=\"white-space:nowrap\">GRL<a name=\"GHOCountryList-GRL\"> </a></td><td>Greenland</td></tr><tr><td style=\"white-space:nowrap\">GTM<a name=\"GHOCountryList-GTM\"> </a></td><td>Guatemala</td></tr><tr><td style=\"white-space:nowrap\">GUF<a name=\"GHOCountryList-GUF\"> </a></td><td>French Guiana</td></tr><tr><td style=\"white-space:nowrap\">GUM<a name=\"GHOCountryList-GUM\"> </a></td><td>Guam</td></tr><tr><td style=\"white-space:nowrap\">GUY<a name=\"GHOCountryList-GUY\"> </a></td><td>Guyana</td></tr><tr><td style=\"white-space:nowrap\">HKG<a name=\"GHOCountryList-HKG\"> </a></td><td>China, Hong Kong Special Administrative Region</td></tr><tr><td style=\"white-space:nowrap\">HND<a name=\"GHOCountryList-HND\"> </a></td><td>Honduras</td></tr><tr><td style=\"white-space:nowrap\">HRV<a name=\"GHOCountryList-HRV\"> </a></td><td>Croatia</td></tr><tr><td style=\"white-space:nowrap\">HTI<a name=\"GHOCountryList-HTI\"> </a></td><td>Haiti</td></tr><tr><td style=\"white-space:nowrap\">HUN<a name=\"GHOCountryList-HUN\"> </a></td><td>Hungary</td></tr><tr><td style=\"white-space:nowrap\">IDN<a name=\"GHOCountryList-IDN\"> </a></td><td>Indonesia</td></tr><tr><td style=\"white-space:nowrap\">IMN<a name=\"GHOCountryList-IMN\"> </a></td><td>Isle of Man</td></tr><tr><td style=\"white-space:nowrap\">IND<a name=\"GHOCountryList-IND\"> </a></td><td>India</td></tr><tr><td style=\"white-space:nowrap\">IRL<a name=\"GHOCountryList-IRL\"> </a></td><td>Ireland</td></tr><tr><td style=\"white-space:nowrap\">IRN<a name=\"GHOCountryList-IRN\"> </a></td><td>Iran (Islamic Republic of)</td></tr><tr><td style=\"white-space:nowrap\">IRQ<a name=\"GHOCountryList-IRQ\"> </a></td><td>Iraq</td></tr><tr><td style=\"white-space:nowrap\">ISL<a name=\"GHOCountryList-ISL\"> </a></td><td>Iceland</td></tr><tr><td style=\"white-space:nowrap\">ISR<a name=\"GHOCountryList-ISR\"> </a></td><td>Israel</td></tr><tr><td style=\"white-space:nowrap\">ITA<a name=\"GHOCountryList-ITA\"> </a></td><td>Italy</td></tr><tr><td style=\"white-space:nowrap\">JAM<a name=\"GHOCountryList-JAM\"> </a></td><td>Jamaica</td></tr><tr><td style=\"white-space:nowrap\">JOR<a name=\"GHOCountryList-JOR\"> </a></td><td>Jordan</td></tr><tr><td style=\"white-space:nowrap\">JPN<a name=\"GHOCountryList-JPN\"> </a></td><td>Japan</td></tr><tr><td style=\"white-space:nowrap\">KAZ<a name=\"GHOCountryList-KAZ\"> </a></td><td>Kazakhstan</td></tr><tr><td style=\"white-space:nowrap\">KEN<a name=\"GHOCountryList-KEN\"> </a></td><td>Kenya</td></tr><tr><td style=\"white-space:nowrap\">KGZ<a name=\"GHOCountryList-KGZ\"> </a></td><td>Kyrgyzstan</td></tr><tr><td style=\"white-space:nowrap\">KHM<a name=\"GHOCountryList-KHM\"> </a></td><td>Cambodia</td></tr><tr><td style=\"white-space:nowrap\">KIR<a name=\"GHOCountryList-KIR\"> </a></td><td>Kiribati</td></tr><tr><td style=\"white-space:nowrap\">KNA<a name=\"GHOCountryList-KNA\"> </a></td><td>Saint Kitts and Nevis</td></tr><tr><td style=\"white-space:nowrap\">KOR<a name=\"GHOCountryList-KOR\"> </a></td><td>Republic of Korea</td></tr><tr><td style=\"white-space:nowrap\">KWT<a name=\"GHOCountryList-KWT\"> </a></td><td>Kuwait</td></tr><tr><td style=\"white-space:nowrap\">LAO<a name=\"GHOCountryList-LAO\"> </a></td><td>Lao People's Democratic Republic</td></tr><tr><td style=\"white-space:nowrap\">LBN<a name=\"GHOCountryList-LBN\"> </a></td><td>Lebanon</td></tr><tr><td style=\"white-space:nowrap\">LBR<a name=\"GHOCountryList-LBR\"> </a></td><td>Liberia</td></tr><tr><td style=\"white-space:nowrap\">LBY<a name=\"GHOCountryList-LBY\"> </a></td><td>Libya</td></tr><tr><td style=\"white-space:nowrap\">LCA<a name=\"GHOCountryList-LCA\"> </a></td><td>Saint Lucia</td></tr><tr><td style=\"white-space:nowrap\">LIE<a name=\"GHOCountryList-LIE\"> </a></td><td>Liechtenstein</td></tr><tr><td style=\"white-space:nowrap\">LKA<a name=\"GHOCountryList-LKA\"> </a></td><td>Sri Lanka</td></tr><tr><td style=\"white-space:nowrap\">LSO<a name=\"GHOCountryList-LSO\"> </a></td><td>Lesotho</td></tr><tr><td style=\"white-space:nowrap\">LTU<a name=\"GHOCountryList-LTU\"> </a></td><td>Lithuania</td></tr><tr><td style=\"white-space:nowrap\">LUX<a name=\"GHOCountryList-LUX\"> </a></td><td>Luxembourg</td></tr><tr><td style=\"white-space:nowrap\">LVA<a name=\"GHOCountryList-LVA\"> </a></td><td>Latvia</td></tr><tr><td style=\"white-space:nowrap\">MAC<a name=\"GHOCountryList-MAC\"> </a></td><td>China, Macao Special Administrative Region</td></tr><tr><td style=\"white-space:nowrap\">MAR<a name=\"GHOCountryList-MAR\"> </a></td><td>Morocco</td></tr><tr><td style=\"white-space:nowrap\">MCO<a name=\"GHOCountryList-MCO\"> </a></td><td>Monaco</td></tr><tr><td style=\"white-space:nowrap\">MDA<a name=\"GHOCountryList-MDA\"> </a></td><td>Republic of Moldova</td></tr><tr><td style=\"white-space:nowrap\">MDG<a name=\"GHOCountryList-MDG\"> </a></td><td>Madagascar</td></tr><tr><td style=\"white-space:nowrap\">MDV<a name=\"GHOCountryList-MDV\"> </a></td><td>Maldives</td></tr><tr><td style=\"white-space:nowrap\">ME1<a name=\"GHOCountryList-ME1\"> </a></td><td>The former state union Serbia and Montenegro</td></tr><tr><td style=\"white-space:nowrap\">MEX<a name=\"GHOCountryList-MEX\"> </a></td><td>Mexico</td></tr><tr><td style=\"white-space:nowrap\">MHL<a name=\"GHOCountryList-MHL\"> </a></td><td>Marshall Islands</td></tr><tr><td style=\"white-space:nowrap\">MKD<a name=\"GHOCountryList-MKD\"> </a></td><td>North Macedonia</td></tr><tr><td style=\"white-space:nowrap\">MLI<a name=\"GHOCountryList-MLI\"> </a></td><td>Mali</td></tr><tr><td style=\"white-space:nowrap\">MLT<a name=\"GHOCountryList-MLT\"> </a></td><td>Malta</td></tr><tr><td style=\"white-space:nowrap\">MMR<a name=\"GHOCountryList-MMR\"> </a></td><td>Myanmar</td></tr><tr><td style=\"white-space:nowrap\">MNE<a name=\"GHOCountryList-MNE\"> </a></td><td>Montenegro</td></tr><tr><td style=\"white-space:nowrap\">MNG<a name=\"GHOCountryList-MNG\"> </a></td><td>Mongolia</td></tr><tr><td style=\"white-space:nowrap\">MNP<a name=\"GHOCountryList-MNP\"> </a></td><td>Northern Mariana Islands</td></tr><tr><td style=\"white-space:nowrap\">MOZ<a name=\"GHOCountryList-MOZ\"> </a></td><td>Mozambique</td></tr><tr><td style=\"white-space:nowrap\">MRT<a name=\"GHOCountryList-MRT\"> </a></td><td>Mauritania</td></tr><tr><td style=\"white-space:nowrap\">MSR<a name=\"GHOCountryList-MSR\"> </a></td><td>Montserrat</td></tr><tr><td style=\"white-space:nowrap\">MTQ<a name=\"GHOCountryList-MTQ\"> </a></td><td>Martinique</td></tr><tr><td style=\"white-space:nowrap\">MUS<a name=\"GHOCountryList-MUS\"> </a></td><td>Mauritius</td></tr><tr><td style=\"white-space:nowrap\">MWI<a name=\"GHOCountryList-MWI\"> </a></td><td>Malawi</td></tr><tr><td style=\"white-space:nowrap\">MYS<a name=\"GHOCountryList-MYS\"> </a></td><td>Malaysia</td></tr><tr><td style=\"white-space:nowrap\">MYT<a name=\"GHOCountryList-MYT\"> </a></td><td>Mayotte</td></tr><tr><td style=\"white-space:nowrap\">NAM<a name=\"GHOCountryList-NAM\"> </a></td><td>Namibia</td></tr><tr><td style=\"white-space:nowrap\">NCL<a name=\"GHOCountryList-NCL\"> </a></td><td>New Caledonia</td></tr><tr><td style=\"white-space:nowrap\">NER<a name=\"GHOCountryList-NER\"> </a></td><td>Niger</td></tr><tr><td style=\"white-space:nowrap\">NGA<a name=\"GHOCountryList-NGA\"> </a></td><td>Nigeria</td></tr><tr><td style=\"white-space:nowrap\">NIC<a name=\"GHOCountryList-NIC\"> </a></td><td>Nicaragua</td></tr><tr><td style=\"white-space:nowrap\">NIU<a name=\"GHOCountryList-NIU\"> </a></td><td>Niue</td></tr><tr><td style=\"white-space:nowrap\">NLD<a name=\"GHOCountryList-NLD\"> </a></td><td>Netherlands (Kingdom of the)</td></tr><tr><td style=\"white-space:nowrap\">NOR<a name=\"GHOCountryList-NOR\"> </a></td><td>Norway</td></tr><tr><td style=\"white-space:nowrap\">NPL<a name=\"GHOCountryList-NPL\"> </a></td><td>Nepal</td></tr><tr><td style=\"white-space:nowrap\">NRU<a name=\"GHOCountryList-NRU\"> </a></td><td>Nauru</td></tr><tr><td style=\"white-space:nowrap\">NZL<a name=\"GHOCountryList-NZL\"> </a></td><td>New Zealand</td></tr><tr><td style=\"white-space:nowrap\">OMN<a name=\"GHOCountryList-OMN\"> </a></td><td>Oman</td></tr><tr><td style=\"white-space:nowrap\">PAK<a name=\"GHOCountryList-PAK\"> </a></td><td>Pakistan</td></tr><tr><td style=\"white-space:nowrap\">PAN<a name=\"GHOCountryList-PAN\"> </a></td><td>Panama</td></tr><tr><td style=\"white-space:nowrap\">PER<a name=\"GHOCountryList-PER\"> </a></td><td>Peru</td></tr><tr><td style=\"white-space:nowrap\">PHL<a name=\"GHOCountryList-PHL\"> </a></td><td>Philippines</td></tr><tr><td style=\"white-space:nowrap\">PLW<a name=\"GHOCountryList-PLW\"> </a></td><td>Palau</td></tr><tr><td style=\"white-space:nowrap\">PNG<a name=\"GHOCountryList-PNG\"> </a></td><td>Papua New Guinea</td></tr><tr><td style=\"white-space:nowrap\">POL<a name=\"GHOCountryList-POL\"> </a></td><td>Poland</td></tr><tr><td style=\"white-space:nowrap\">PRI<a name=\"GHOCountryList-PRI\"> </a></td><td>Puerto Rico</td></tr><tr><td style=\"white-space:nowrap\">PRK<a name=\"GHOCountryList-PRK\"> </a></td><td>Democratic People's Republic of Korea</td></tr><tr><td style=\"white-space:nowrap\">PRS<a name=\"GHOCountryList-PRS\"> </a></td><td>Pristina</td></tr><tr><td style=\"white-space:nowrap\">PRT<a name=\"GHOCountryList-PRT\"> </a></td><td>Portugal</td></tr><tr><td style=\"white-space:nowrap\">PRY<a name=\"GHOCountryList-PRY\"> </a></td><td>Paraguay</td></tr><tr><td style=\"white-space:nowrap\">PSE<a name=\"GHOCountryList-PSE\"> </a></td><td>occupied Palestinian territory, including east Jerusalem</td></tr><tr><td style=\"white-space:nowrap\">PYF<a name=\"GHOCountryList-PYF\"> </a></td><td>French Polynesia</td></tr><tr><td style=\"white-space:nowrap\">QAT<a name=\"GHOCountryList-QAT\"> </a></td><td>Qatar</td></tr><tr><td style=\"white-space:nowrap\">REU<a name=\"GHOCountryList-REU\"> </a></td><td>Reunion</td></tr><tr><td style=\"white-space:nowrap\">ROU<a name=\"GHOCountryList-ROU\"> </a></td><td>Romania</td></tr><tr><td style=\"white-space:nowrap\">RUS<a name=\"GHOCountryList-RUS\"> </a></td><td>Russian Federation</td></tr><tr><td style=\"white-space:nowrap\">RWA<a name=\"GHOCountryList-RWA\"> </a></td><td>Rwanda</td></tr><tr><td style=\"white-space:nowrap\">SAU<a name=\"GHOCountryList-SAU\"> </a></td><td>Saudi Arabia</td></tr><tr><td style=\"white-space:nowrap\">SDN<a name=\"GHOCountryList-SDN\"> </a></td><td>Sudan</td></tr><tr><td style=\"white-space:nowrap\">SDN736<a name=\"GHOCountryList-SDN736\"> </a></td><td>Sudan (former)</td></tr><tr><td style=\"white-space:nowrap\">SEN<a name=\"GHOCountryList-SEN\"> </a></td><td>Senegal</td></tr><tr><td style=\"white-space:nowrap\">SGP<a name=\"GHOCountryList-SGP\"> </a></td><td>Singapore</td></tr><tr><td style=\"white-space:nowrap\">SHN<a name=\"GHOCountryList-SHN\"> </a></td><td>Saint Helena</td></tr><tr><td style=\"white-space:nowrap\">SLB<a name=\"GHOCountryList-SLB\"> </a></td><td>Solomon Islands</td></tr><tr><td style=\"white-space:nowrap\">SLE<a name=\"GHOCountryList-SLE\"> </a></td><td>Sierra Leone</td></tr><tr><td style=\"white-space:nowrap\">SLV<a name=\"GHOCountryList-SLV\"> </a></td><td>El Salvador</td></tr><tr><td style=\"white-space:nowrap\">SMR<a name=\"GHOCountryList-SMR\"> </a></td><td>San Marino</td></tr><tr><td style=\"white-space:nowrap\">SOM<a name=\"GHOCountryList-SOM\"> </a></td><td>Somalia</td></tr><tr><td style=\"white-space:nowrap\">SPM<a name=\"GHOCountryList-SPM\"> </a></td><td>Saint Pierre and Miquelon</td></tr><tr><td style=\"white-space:nowrap\">SRB<a name=\"GHOCountryList-SRB\"> </a></td><td>Serbia</td></tr><tr><td style=\"white-space:nowrap\">SSD<a name=\"GHOCountryList-SSD\"> </a></td><td>South Sudan</td></tr><tr><td style=\"white-space:nowrap\">STP<a name=\"GHOCountryList-STP\"> </a></td><td>Sao Tome and Principe</td></tr><tr><td style=\"white-space:nowrap\">SUR<a name=\"GHOCountryList-SUR\"> </a></td><td>Suriname</td></tr><tr><td style=\"white-space:nowrap\">SVK<a name=\"GHOCountryList-SVK\"> </a></td><td>Slovakia</td></tr><tr><td style=\"white-space:nowrap\">SVN<a name=\"GHOCountryList-SVN\"> </a></td><td>Slovenia</td></tr><tr><td style=\"white-space:nowrap\">SWE<a name=\"GHOCountryList-SWE\"> </a></td><td>Sweden</td></tr><tr><td style=\"white-space:nowrap\">SWZ<a name=\"GHOCountryList-SWZ\"> </a></td><td>Eswatini</td></tr><tr><td style=\"white-space:nowrap\">SXM<a name=\"GHOCountryList-SXM\"> </a></td><td>Sint Maarten (Dutch part)</td></tr><tr><td style=\"white-space:nowrap\">SYC<a name=\"GHOCountryList-SYC\"> </a></td><td>Seychelles</td></tr><tr><td style=\"white-space:nowrap\">SYR<a name=\"GHOCountryList-SYR\"> </a></td><td>Syrian Arab Republic</td></tr><tr><td style=\"white-space:nowrap\">TCA<a name=\"GHOCountryList-TCA\"> </a></td><td>Turks and Caicos Islands</td></tr><tr><td style=\"white-space:nowrap\">TCD<a name=\"GHOCountryList-TCD\"> </a></td><td>Chad</td></tr><tr><td style=\"white-space:nowrap\">TGO<a name=\"GHOCountryList-TGO\"> </a></td><td>Togo</td></tr><tr><td style=\"white-space:nowrap\">THA<a name=\"GHOCountryList-THA\"> </a></td><td>Thailand</td></tr><tr><td style=\"white-space:nowrap\">TJK<a name=\"GHOCountryList-TJK\"> </a></td><td>Tajikistan</td></tr><tr><td style=\"white-space:nowrap\">TKL<a name=\"GHOCountryList-TKL\"> </a></td><td>Tokelau</td></tr><tr><td style=\"white-space:nowrap\">TKM<a name=\"GHOCountryList-TKM\"> </a></td><td>Turkmenistan</td></tr><tr><td style=\"white-space:nowrap\">TLS<a name=\"GHOCountryList-TLS\"> </a></td><td>Timor-Leste</td></tr><tr><td style=\"white-space:nowrap\">TON<a name=\"GHOCountryList-TON\"> </a></td><td>Tonga</td></tr><tr><td style=\"white-space:nowrap\">TTO<a name=\"GHOCountryList-TTO\"> </a></td><td>Trinidad and Tobago</td></tr><tr><td style=\"white-space:nowrap\">TUN<a name=\"GHOCountryList-TUN\"> </a></td><td>Tunisia</td></tr><tr><td style=\"white-space:nowrap\">TUR<a name=\"GHOCountryList-TUR\"> </a></td><td>Türkiye</td></tr><tr><td style=\"white-space:nowrap\">TUV<a name=\"GHOCountryList-TUV\"> </a></td><td>Tuvalu</td></tr><tr><td style=\"white-space:nowrap\">TZA<a name=\"GHOCountryList-TZA\"> </a></td><td>United Republic of Tanzania</td></tr><tr><td style=\"white-space:nowrap\">UGA<a name=\"GHOCountryList-UGA\"> </a></td><td>Uganda</td></tr><tr><td style=\"white-space:nowrap\">UKR<a name=\"GHOCountryList-UKR\"> </a></td><td>Ukraine</td></tr><tr><td style=\"white-space:nowrap\">URY<a name=\"GHOCountryList-URY\"> </a></td><td>Uruguay</td></tr><tr><td style=\"white-space:nowrap\">USA<a name=\"GHOCountryList-USA\"> </a></td><td>United States of America</td></tr><tr><td style=\"white-space:nowrap\">UZB<a name=\"GHOCountryList-UZB\"> </a></td><td>Uzbekistan</td></tr><tr><td style=\"white-space:nowrap\">VCT<a name=\"GHOCountryList-VCT\"> </a></td><td>Saint Vincent and the Grenadines</td></tr><tr><td style=\"white-space:nowrap\">VEN<a name=\"GHOCountryList-VEN\"> </a></td><td>Venezuela (Bolivarian Republic of)</td></tr><tr><td style=\"white-space:nowrap\">VGB<a name=\"GHOCountryList-VGB\"> </a></td><td>British Virgin Islands</td></tr><tr><td style=\"white-space:nowrap\">VIR<a name=\"GHOCountryList-VIR\"> </a></td><td>Virgin Islands (USA)</td></tr><tr><td style=\"white-space:nowrap\">VNM<a name=\"GHOCountryList-VNM\"> </a></td><td>Viet Nam</td></tr><tr><td style=\"white-space:nowrap\">VUT<a name=\"GHOCountryList-VUT\"> </a></td><td>Vanuatu</td></tr><tr><td style=\"white-space:nowrap\">WLF<a name=\"GHOCountryList-WLF\"> </a></td><td>Wallis and Futuna Islands</td></tr><tr><td style=\"white-space:nowrap\">WSM<a name=\"GHOCountryList-WSM\"> </a></td><td>Samoa</td></tr><tr><td style=\"white-space:nowrap\">XKX<a name=\"GHOCountryList-XKX\"> </a></td><td>Kosovo (in accordance with UN Security Council resolution 1244 (1999))</td></tr><tr><td style=\"white-space:nowrap\">YEM<a name=\"GHOCountryList-YEM\"> </a></td><td>Yemen</td></tr><tr><td style=\"white-space:nowrap\">ZAF<a name=\"GHOCountryList-ZAF\"> </a></td><td>South Africa</td></tr><tr><td style=\"white-space:nowrap\">ZMB<a name=\"GHOCountryList-ZMB\"> </a></td><td>Zambia</td></tr><tr><td style=\"white-space:nowrap\">ZWE<a name=\"GHOCountryList-ZWE\"> </a></td><td>Zimbabwe</td></tr></table></div>"
  },
  "url" : "http://smart.who.int/trust/CodeSystem/GHOCountryList",
  "version" : "1.1.6",
  "name" : "GHOCountryList",
  "title" : "WHO GHO Jurisidiction List",
  "status" : "draft",
  "date" : "2025-03-31T22:58:23+00:00",
  "publisher" : "WHO",
  "contact" : [{
    "name" : "WHO",
    "telecom" : [{
      "system" : "url",
      "value" : "http://who.int"
    }]
  }],
  "description" : "CodeSystem for WHO Global Health Observatory (GHO) Country and Jurisidiction List available at https://ghoapi.azureedge.net/api/DIMENSION/COUNTRY/DimensionValues",
  "jurisdiction" : [{
    "coding" : [{
      "system" : "http://unstats.un.org/unsd/methods/m49/m49.htm",
      "code" : "001"
    }]
  }],
  "content" : "complete",
  "count" : 234,
  "concept" : [{
    "code" : "ABW",
    "display" : "Aruba"
  },
  {
    "code" : "AFG",
    "display" : "Afghanistan"
  },
  {
    "code" : "AGO",
    "display" : "Angola"
  },
  {
    "code" : "AIA",
    "display" : "Anguilla"
  },
  {
    "code" : "ALB",
    "display" : "Albania"
  },
  {
    "code" : "AND",
    "display" : "Andorra"
  },
  {
    "code" : "ARE",
    "display" : "United Arab Emirates"
  },
  {
    "code" : "ARG",
    "display" : "Argentina"
  },
  {
    "code" : "ARM",
    "display" : "Armenia"
  },
  {
    "code" : "ASM",
    "display" : "American Samoa"
  },
  {
    "code" : "ATG",
    "display" : "Antigua and Barbuda"
  },
  {
    "code" : "AUS",
    "display" : "Australia"
  },
  {
    "code" : "AUT",
    "display" : "Austria"
  },
  {
    "code" : "AZE",
    "display" : "Azerbaijan"
  },
  {
    "code" : "BDI",
    "display" : "Burundi"
  },
  {
    "code" : "BEL",
    "display" : "Belgium"
  },
  {
    "code" : "BEN",
    "display" : "Benin"
  },
  {
    "code" : "BES",
    "display" : "Bonaire, Saint Eustatius and Saba"
  },
  {
    "code" : "BFA",
    "display" : "Burkina Faso"
  },
  {
    "code" : "BGD",
    "display" : "Bangladesh"
  },
  {
    "code" : "BGR",
    "display" : "Bulgaria"
  },
  {
    "code" : "BHR",
    "display" : "Bahrain"
  },
  {
    "code" : "BHS",
    "display" : "Bahamas"
  },
  {
    "code" : "BIH",
    "display" : "Bosnia and Herzegovina"
  },
  {
    "code" : "BLR",
    "display" : "Belarus"
  },
  {
    "code" : "BLZ",
    "display" : "Belize"
  },
  {
    "code" : "BMU",
    "display" : "Bermuda"
  },
  {
    "code" : "BOL",
    "display" : "Bolivia (Plurinational State of)"
  },
  {
    "code" : "BRA",
    "display" : "Brazil"
  },
  {
    "code" : "BRB",
    "display" : "Barbados"
  },
  {
    "code" : "BRN",
    "display" : "Brunei Darussalam"
  },
  {
    "code" : "BTN",
    "display" : "Bhutan"
  },
  {
    "code" : "BWA",
    "display" : "Botswana"
  },
  {
    "code" : "CAF",
    "display" : "Central African Republic"
  },
  {
    "code" : "CAN",
    "display" : "Canada"
  },
  {
    "code" : "CHE",
    "display" : "Switzerland"
  },
  {
    "code" : "CHI",
    "display" : "Channel islands"
  },
  {
    "code" : "CHL",
    "display" : "Chile"
  },
  {
    "code" : "CHN",
    "display" : "China"
  },
  {
    "code" : "CIV",
    "display" : "Cote d'Ivoire"
  },
  {
    "code" : "CMR",
    "display" : "Cameroon"
  },
  {
    "code" : "COD",
    "display" : "Democratic Republic of the Congo"
  },
  {
    "code" : "COG",
    "display" : "Congo"
  },
  {
    "code" : "COK",
    "display" : "Cook Islands"
  },
  {
    "code" : "COL",
    "display" : "Colombia"
  },
  {
    "code" : "COM",
    "display" : "Comoros"
  },
  {
    "code" : "CPV",
    "display" : "Cabo Verde"
  },
  {
    "code" : "CRI",
    "display" : "Costa Rica"
  },
  {
    "code" : "CUB",
    "display" : "Cuba"
  },
  {
    "code" : "CUW",
    "display" : "Curaçao"
  },
  {
    "code" : "CYM",
    "display" : "Cayman Islands"
  },
  {
    "code" : "CYP",
    "display" : "Cyprus"
  },
  {
    "code" : "CZE",
    "display" : "Czechia"
  },
  {
    "code" : "DEU",
    "display" : "Germany"
  },
  {
    "code" : "DJI",
    "display" : "Djibouti"
  },
  {
    "code" : "DMA",
    "display" : "Dominica"
  },
  {
    "code" : "DNK",
    "display" : "Denmark"
  },
  {
    "code" : "DOM",
    "display" : "Dominican Republic"
  },
  {
    "code" : "DZA",
    "display" : "Algeria"
  },
  {
    "code" : "ECU",
    "display" : "Ecuador"
  },
  {
    "code" : "EGY",
    "display" : "Egypt"
  },
  {
    "code" : "ERI",
    "display" : "Eritrea"
  },
  {
    "code" : "ESP",
    "display" : "Spain"
  },
  {
    "code" : "EST",
    "display" : "Estonia"
  },
  {
    "code" : "ETH",
    "display" : "Ethiopia"
  },
  {
    "code" : "FIN",
    "display" : "Finland"
  },
  {
    "code" : "FJI",
    "display" : "Fiji"
  },
  {
    "code" : "FLK",
    "display" : "Falkland Islands (Malvinas)"
  },
  {
    "code" : "FRA",
    "display" : "France"
  },
  {
    "code" : "FRO",
    "display" : "Faroe Islands"
  },
  {
    "code" : "FSM",
    "display" : "Micronesia (Federated States of)"
  },
  {
    "code" : "GAB",
    "display" : "Gabon"
  },
  {
    "code" : "GBR",
    "display" : "United Kingdom of Great Britain and Northern Ireland"
  },
  {
    "code" : "GEO",
    "display" : "Georgia"
  },
  {
    "code" : "GHA",
    "display" : "Ghana"
  },
  {
    "code" : "GIB",
    "display" : "Gibraltar"
  },
  {
    "code" : "GIN",
    "display" : "Guinea"
  },
  {
    "code" : "GLP",
    "display" : "Guadeloupe"
  },
  {
    "code" : "GMB",
    "display" : "Gambia"
  },
  {
    "code" : "GNB",
    "display" : "Guinea-Bissau"
  },
  {
    "code" : "GNQ",
    "display" : "Equatorial Guinea"
  },
  {
    "code" : "GRC",
    "display" : "Greece"
  },
  {
    "code" : "GRD",
    "display" : "Grenada"
  },
  {
    "code" : "GRL",
    "display" : "Greenland"
  },
  {
    "code" : "GTM",
    "display" : "Guatemala"
  },
  {
    "code" : "GUF",
    "display" : "French Guiana"
  },
  {
    "code" : "GUM",
    "display" : "Guam"
  },
  {
    "code" : "GUY",
    "display" : "Guyana"
  },
  {
    "code" : "HKG",
    "display" : "China, Hong Kong Special Administrative Region"
  },
  {
    "code" : "HND",
    "display" : "Honduras"
  },
  {
    "code" : "HRV",
    "display" : "Croatia"
  },
  {
    "code" : "HTI",
    "display" : "Haiti"
  },
  {
    "code" : "HUN",
    "display" : "Hungary"
  },
  {
    "code" : "IDN",
    "display" : "Indonesia"
  },
  {
    "code" : "IMN",
    "display" : "Isle of Man"
  },
  {
    "code" : "IND",
    "display" : "India"
  },
  {
    "code" : "IRL",
    "display" : "Ireland"
  },
  {
    "code" : "IRN",
    "display" : "Iran (Islamic Republic of)"
  },
  {
    "code" : "IRQ",
    "display" : "Iraq"
  },
  {
    "code" : "ISL",
    "display" : "Iceland"
  },
  {
    "code" : "ISR",
    "display" : "Israel"
  },
  {
    "code" : "ITA",
    "display" : "Italy"
  },
  {
    "code" : "JAM",
    "display" : "Jamaica"
  },
  {
    "code" : "JOR",
    "display" : "Jordan"
  },
  {
    "code" : "JPN",
    "display" : "Japan"
  },
  {
    "code" : "KAZ",
    "display" : "Kazakhstan"
  },
  {
    "code" : "KEN",
    "display" : "Kenya"
  },
  {
    "code" : "KGZ",
    "display" : "Kyrgyzstan"
  },
  {
    "code" : "KHM",
    "display" : "Cambodia"
  },
  {
    "code" : "KIR",
    "display" : "Kiribati"
  },
  {
    "code" : "KNA",
    "display" : "Saint Kitts and Nevis"
  },
  {
    "code" : "KOR",
    "display" : "Republic of Korea"
  },
  {
    "code" : "KWT",
    "display" : "Kuwait"
  },
  {
    "code" : "LAO",
    "display" : "Lao People's Democratic Republic"
  },
  {
    "code" : "LBN",
    "display" : "Lebanon"
  },
  {
    "code" : "LBR",
    "display" : "Liberia"
  },
  {
    "code" : "LBY",
    "display" : "Libya"
  },
  {
    "code" : "LCA",
    "display" : "Saint Lucia"
  },
  {
    "code" : "LIE",
    "display" : "Liechtenstein"
  },
  {
    "code" : "LKA",
    "display" : "Sri Lanka"
  },
  {
    "code" : "LSO",
    "display" : "Lesotho"
  },
  {
    "code" : "LTU",
    "display" : "Lithuania"
  },
  {
    "code" : "LUX",
    "display" : "Luxembourg"
  },
  {
    "code" : "LVA",
    "display" : "Latvia"
  },
  {
    "code" : "MAC",
    "display" : "China, Macao Special Administrative Region"
  },
  {
    "code" : "MAR",
    "display" : "Morocco"
  },
  {
    "code" : "MCO",
    "display" : "Monaco"
  },
  {
    "code" : "MDA",
    "display" : "Republic of Moldova"
  },
  {
    "code" : "MDG",
    "display" : "Madagascar"
  },
  {
    "code" : "MDV",
    "display" : "Maldives"
  },
  {
    "code" : "ME1",
    "display" : "The former state union Serbia and Montenegro"
  },
  {
    "code" : "MEX",
    "display" : "Mexico"
  },
  {
    "code" : "MHL",
    "display" : "Marshall Islands"
  },
  {
    "code" : "MKD",
    "display" : "North Macedonia"
  },
  {
    "code" : "MLI",
    "display" : "Mali"
  },
  {
    "code" : "MLT",
    "display" : "Malta"
  },
  {
    "code" : "MMR",
    "display" : "Myanmar"
  },
  {
    "code" : "MNE",
    "display" : "Montenegro"
  },
  {
    "code" : "MNG",
    "display" : "Mongolia"
  },
  {
    "code" : "MNP",
    "display" : "Northern Mariana Islands"
  },
  {
    "code" : "MOZ",
    "display" : "Mozambique"
  },
  {
    "code" : "MRT",
    "display" : "Mauritania"
  },
  {
    "code" : "MSR",
    "display" : "Montserrat"
  },
  {
    "code" : "MTQ",
    "display" : "Martinique"
  },
  {
    "code" : "MUS",
    "display" : "Mauritius"
  },
  {
    "code" : "MWI",
    "display" : "Malawi"
  },
  {
    "code" : "MYS",
    "display" : "Malaysia"
  },
  {
    "code" : "MYT",
    "display" : "Mayotte"
  },
  {
    "code" : "NAM",
    "display" : "Namibia"
  },
  {
    "code" : "NCL",
    "display" : "New Caledonia"
  },
  {
    "code" : "NER",
    "display" : "Niger"
  },
  {
    "code" : "NGA",
    "display" : "Nigeria"
  },
  {
    "code" : "NIC",
    "display" : "Nicaragua"
  },
  {
    "code" : "NIU",
    "display" : "Niue"
  },
  {
    "code" : "NLD",
    "display" : "Netherlands (Kingdom of the)"
  },
  {
    "code" : "NOR",
    "display" : "Norway"
  },
  {
    "code" : "NPL",
    "display" : "Nepal"
  },
  {
    "code" : "NRU",
    "display" : "Nauru"
  },
  {
    "code" : "NZL",
    "display" : "New Zealand"
  },
  {
    "code" : "OMN",
    "display" : "Oman"
  },
  {
    "code" : "PAK",
    "display" : "Pakistan"
  },
  {
    "code" : "PAN",
    "display" : "Panama"
  },
  {
    "code" : "PER",
    "display" : "Peru"
  },
  {
    "code" : "PHL",
    "display" : "Philippines"
  },
  {
    "code" : "PLW",
    "display" : "Palau"
  },
  {
    "code" : "PNG",
    "display" : "Papua New Guinea"
  },
  {
    "code" : "POL",
    "display" : "Poland"
  },
  {
    "code" : "PRI",
    "display" : "Puerto Rico"
  },
  {
    "code" : "PRK",
    "display" : "Democratic People's Republic of Korea"
  },
  {
    "code" : "PRS",
    "display" : "Pristina"
  },
  {
    "code" : "PRT",
    "display" : "Portugal"
  },
  {
    "code" : "PRY",
    "display" : "Paraguay"
  },
  {
    "code" : "PSE",
    "display" : "occupied Palestinian territory, including east Jerusalem"
  },
  {
    "code" : "PYF",
    "display" : "French Polynesia"
  },
  {
    "code" : "QAT",
    "display" : "Qatar"
  },
  {
    "code" : "REU",
    "display" : "Reunion"
  },
  {
    "code" : "ROU",
    "display" : "Romania"
  },
  {
    "code" : "RUS",
    "display" : "Russian Federation"
  },
  {
    "code" : "RWA",
    "display" : "Rwanda"
  },
  {
    "code" : "SAU",
    "display" : "Saudi Arabia"
  },
  {
    "code" : "SDN",
    "display" : "Sudan"
  },
  {
    "code" : "SDN736",
    "display" : "Sudan (former)"
  },
  {
    "code" : "SEN",
    "display" : "Senegal"
  },
  {
    "code" : "SGP",
    "display" : "Singapore"
  },
  {
    "code" : "SHN",
    "display" : "Saint Helena"
  },
  {
    "code" : "SLB",
    "display" : "Solomon Islands"
  },
  {
    "code" : "SLE",
    "display" : "Sierra Leone"
  },
  {
    "code" : "SLV",
    "display" : "El Salvador"
  },
  {
    "code" : "SMR",
    "display" : "San Marino"
  },
  {
    "code" : "SOM",
    "display" : "Somalia"
  },
  {
    "code" : "SPM",
    "display" : "Saint Pierre and Miquelon"
  },
  {
    "code" : "SRB",
    "display" : "Serbia"
  },
  {
    "code" : "SSD",
    "display" : "South Sudan"
  },
  {
    "code" : "STP",
    "display" : "Sao Tome and Principe"
  },
  {
    "code" : "SUR",
    "display" : "Suriname"
  },
  {
    "code" : "SVK",
    "display" : "Slovakia"
  },
  {
    "code" : "SVN",
    "display" : "Slovenia"
  },
  {
    "code" : "SWE",
    "display" : "Sweden"
  },
  {
    "code" : "SWZ",
    "display" : "Eswatini"
  },
  {
    "code" : "SXM",
    "display" : "Sint Maarten (Dutch part)"
  },
  {
    "code" : "SYC",
    "display" : "Seychelles"
  },
  {
    "code" : "SYR",
    "display" : "Syrian Arab Republic"
  },
  {
    "code" : "TCA",
    "display" : "Turks and Caicos Islands"
  },
  {
    "code" : "TCD",
    "display" : "Chad"
  },
  {
    "code" : "TGO",
    "display" : "Togo"
  },
  {
    "code" : "THA",
    "display" : "Thailand"
  },
  {
    "code" : "TJK",
    "display" : "Tajikistan"
  },
  {
    "code" : "TKL",
    "display" : "Tokelau"
  },
  {
    "code" : "TKM",
    "display" : "Turkmenistan"
  },
  {
    "code" : "TLS",
    "display" : "Timor-Leste"
  },
  {
    "code" : "TON",
    "display" : "Tonga"
  },
  {
    "code" : "TTO",
    "display" : "Trinidad and Tobago"
  },
  {
    "code" : "TUN",
    "display" : "Tunisia"
  },
  {
    "code" : "TUR",
    "display" : "Türkiye"
  },
  {
    "code" : "TUV",
    "display" : "Tuvalu"
  },
  {
    "code" : "TZA",
    "display" : "United Republic of Tanzania"
  },
  {
    "code" : "UGA",
    "display" : "Uganda"
  },
  {
    "code" : "UKR",
    "display" : "Ukraine"
  },
  {
    "code" : "URY",
    "display" : "Uruguay"
  },
  {
    "code" : "USA",
    "display" : "United States of America"
  },
  {
    "code" : "UZB",
    "display" : "Uzbekistan"
  },
  {
    "code" : "VCT",
    "display" : "Saint Vincent and the Grenadines"
  },
  {
    "code" : "VEN",
    "display" : "Venezuela (Bolivarian Republic of)"
  },
  {
    "code" : "VGB",
    "display" : "British Virgin Islands"
  },
  {
    "code" : "VIR",
    "display" : "Virgin Islands (USA)"
  },
  {
    "code" : "VNM",
    "display" : "Viet Nam"
  },
  {
    "code" : "VUT",
    "display" : "Vanuatu"
  },
  {
    "code" : "WLF",
    "display" : "Wallis and Futuna Islands"
  },
  {
    "code" : "WSM",
    "display" : "Samoa"
  },
  {
    "code" : "XKX",
    "display" : "Kosovo (in accordance with UN Security Council resolution 1244 (1999))"
  },
  {
    "code" : "YEM",
    "display" : "Yemen"
  },
  {
    "code" : "ZAF",
    "display" : "South Africa"
  },
  {
    "code" : "ZMB",
    "display" : "Zambia"
  },
  {
    "code" : "ZWE",
    "display" : "Zimbabwe"
  }]
}