{
  "resourceType" : "ValueSet",
  "id" : "PayloadTypes",
  "text" : {
    "status" : "generated",
    "div" : "<div xmlns=\"http://www.w3.org/1999/xhtml\"><p class=\"res-header-id\"><b>Generated Narrative: ValueSet PayloadTypes</b></p><a name=\"PayloadTypes\"> </a><a name=\"hcPayloadTypes\"> </a><a name=\"PayloadTypes-en-US\"> </a><ul><li>Include all codes defined in <a href=\"CodeSystem-PayloadTypes.html\"><code>http://smart.who.int/trust/CodeSystem/PayloadTypes</code></a></li></ul></div>"
  },
  "url" : "http://smart.who.int/trust/ValueSet/PayloadTypes",
  "version" : "1.1.6",
  "name" : "PayloadTypes",
  "title" : "WHO GDHCN Payload Types",
  "status" : "active",
  "experimental" : true,
  "date" : "2025-03-31T22:58:23+00:00",
  "publisher" : "WHO",
  "contact" : [{
    "name" : "WHO",
    "telecom" : [{
      "system" : "url",
      "value" : "http://who.int"
    }]
  }],
  "description" : "ValueSet of GDHCN Trust Network Payload Types",
  "jurisdiction" : [{
    "coding" : [{
      "system" : "http://unstats.un.org/unsd/methods/m49/m49.htm",
      "code" : "001"
    }]
  }],
  "compose" : {
    "include" : [{
      "system" : "http://smart.who.int/trust/CodeSystem/PayloadTypes"
    }]
  }
}