<?xml version="1.0" encoding="UTF-8"?>

<Organization xmlns="http://hl7.org/fhir">
  <id value="GDHCNParticipant-EST"/>
  <meta>
    <profile value="https://profiles.ihe.net/ITI/mCSD/StructureDefinition/IHE.mCSD.Organization"/>
  </meta>
  <text>
    <status value="generated"/><div xmlns="http://www.w3.org/1999/xhtml"><p class="res-header-id"><b>Generated Narrative: Organization GDHCNParticipant-EST</b></p><a name="GDHCNParticipant-EST"> </a><a name="hcGDHCNParticipant-EST"> </a><div style="display: inline-block; background-color: #d9e0e7; padding: 6px; margin: 4px; border: 1px solid #8da1b4; border-radius: 5px; line-height: 60%"><p style="margin-bottom: 0px"/><p style="margin-bottom: 0px">Profile: <a href="https://profiles.ihe.net/ITI/mCSD/4.0.0/StructureDefinition-IHE.mCSD.Organization.html">mCSD Organization</a></p></div><p><b>type</b>: <span title="Codes:{http://terminology.hl7.org/CodeSystem/organization-type govt}">Government</span></p><p><b>name</b>: Estonia</p><p><b>endpoint</b>: </p><ul><li><a href="Endpoint-GDHCNParticipantDID-EST-All.html">Endpoint Estonia Trustlist (DID v2) - All keys
did:web:tng-cdn.who.int:v2:trustlist:-:EST
resolvable at https://tng-cdn.who.int/v2/trustlist/-/EST/did.json</a></li><li><a href="Endpoint-GDHCNParticipantDID-EST-DSC.html">Endpoint Estonia Trustlist (DID v2) - Document Signing Certificates
did:web:tng-cdn.who.int:v2:trustlist:-:EST:DSC
resolvable at https://tng-cdn.who.int/v2/trustlist/-/EST/DSC/did.json</a></li><li><a href="Endpoint-GDHCNParticipantDID-EST-SCA.html">Endpoint Estonia Trustlist (DID v2) - Certificate Signing Authority
did:web:tng-cdn.who.int:v2:trustlist:-:EST:SCA
resolvable at https://tng-cdn.who.int/v2/trustlist/-/EST/SCA/did.json</a></li></ul></div>
  </text>
  <type>
    <coding>
      <system value="http://terminology.hl7.org/CodeSystem/organization-type"/>
      <code value="govt"/>
    </coding>
  </type>
  <name value="Estonia"/>
  <endpoint>
    <reference value="Endpoint/GDHCNParticipantDID-EST-All"/>
  </endpoint>
  <endpoint>
    <reference value="Endpoint/GDHCNParticipantDID-EST-DSC"/>
  </endpoint>
  <endpoint>
    <reference value="Endpoint/GDHCNParticipantDID-EST-SCA"/>
  </endpoint>
</Organization>