{
  "resourceType" : "ValueSet",
  "id" : "Actors",
  "text" : {
    "status" : "generated",
    "div" : "<div xmlns=\"http://www.w3.org/1999/xhtml\"><p class=\"res-header-id\"><b>Generated Narrative: ValueSet Actors</b></p><a name=\"Actors\"> </a><a name=\"hcActors\"> </a><ul><li>Include all codes defined in <a href=\"CodeSystem-Actors.html\"><code>http://smart.who.int/trust/CodeSystem/Actors</code></a><span title=\"Version is not explicitly stated, which means it is fixed to the version provided in this specification\"> version &#x1F4E6;1.1.6</span></li></ul></div>"
  },
  "url" : "http://smart.who.int/trust/ValueSet/Actors",
  "version" : "1.1.6",
  "name" : "Actors",
  "title" : "WHO GDHCN Actor ValueSet of actor codes",
  "status" : "active",
  "experimental" : true,
  "date" : "2025-11-19T10:45:54+00:00",
  "publisher" : "WHO",
  "contact" : [{
    "name" : "WHO",
    "telecom" : [{
      "system" : "url",
      "value" : "http://who.int"
    }]
  }],
  "description" : "ValueSet of codes for actor codes",
  "jurisdiction" : [{
    "coding" : [{
      "system" : "http://unstats.un.org/unsd/methods/m49/m49.htm",
      "code" : "001"
    }]
  }],
  "compose" : {
    "include" : [{
      "system" : "http://smart.who.int/trust/CodeSystem/Actors"
    }]
  }
}