{
  "resourceType" : "ImplementationGuide",
  "id" : "smart.who.int.trust",
  "meta" : {
    "profile" : ["http://smart.who.int/base/StructureDefinition/SGImplementationGuide"]
  },
  "text" : {
    "status" : "generated",
    "div" : "<div xmlns=\"http://www.w3.org/1999/xhtml\"><p class=\"res-header-id\"><b>Generated Narrative: ImplementationGuide smart.who.int.trust</b></p><a name=\"smart.who.int.trust\"> </a><a name=\"hcsmart.who.int.trust\"> </a><a name=\"smart.who.int.trust-en-US\"> </a><div style=\"display: inline-block; background-color: #d9e0e7; padding: 6px; margin: 4px; border: 1px solid #8da1b4; border-radius: 5px; line-height: 60%\"><p style=\"margin-bottom: 0px\"/><p style=\"margin-bottom: 0px\">Profile: <a href=\"http://smart.who.int/base/0.1.0/StructureDefinition-SGImplementationGuide.html\">SMART Guidelines ImplementationGuide</a></p></div><h2>Trust</h2><p>The official URL for this implementation guide is: </p><pre>http://smart.who.int/trust/ImplementationGuide/smart.who.int.trust</pre><div><p>SMART Trust Implementation Guide</p>\n</div></div>"
  },
  "url" : "http://smart.who.int/trust/ImplementationGuide/smart.who.int.trust",
  "version" : "1.1.6",
  "name" : "Trust",
  "title" : "WHO SMART Trust",
  "status" : "draft",
  "date" : "2025-04-02T14:12:25+00:00",
  "publisher" : "WHO",
  "contact" : [{
    "name" : "WHO",
    "telecom" : [{
      "system" : "url",
      "value" : "http://who.int"
    }]
  }],
  "description" : "SMART Trust Implementation Guide",
  "jurisdiction" : [{
    "coding" : [{
      "system" : "http://unstats.un.org/unsd/methods/m49/m49.htm",
      "code" : "001"
    }]
  }],
  "packageId" : "smart.who.int.trust",
  "license" : "CC0-1.0",
  "fhirVersion" : ["5.0.0"],
  "dependsOn" : [{
    "id" : "hl7tx",
    "extension" : [{
      "url" : "http://hl7.org/fhir/tools/StructureDefinition/implementationguide-dependency-comment",
      "valueMarkdown" : "Automatically added as a dependency - all IGs depend on HL7 Terminology"
    }],
    "uri" : "http://terminology.hl7.org/ImplementationGuide/hl7.terminology",
    "packageId" : "hl7.terminology.r5",
    "version" : "6.2.0"
  },
  {
    "id" : "hl7ext",
    "extension" : [{
      "url" : "http://hl7.org/fhir/tools/StructureDefinition/implementationguide-dependency-comment",
      "valueMarkdown" : "Automatically added as a dependency - all IGs depend on the HL7 Extension Pack"
    }],
    "uri" : "http://hl7.org/fhir/extensions/ImplementationGuide/hl7.fhir.uv.extensions",
    "packageId" : "hl7.fhir.uv.extensions.r5",
    "version" : "5.2.0"
  },
  {
    "id" : "smart_who_int_base",
    "uri" : "http://smart.who.int/base/ImplementationGuide/smart.who.int.base",
    "packageId" : "smart.who.int.base",
    "version" : "current"
  },
  {
    "id" : "who_ddcc",
    "uri" : "http://smart.who.int/ddcc/ImplementationGuide/who.ddcc",
    "packageId" : "who.ddcc",
    "version" : "1.0.1"
  },
  {
    "id" : "smart_who_int_icvp",
    "uri" : "http://smart.who.int/icvp/ImplementationGuide/smart.who.int.icvp",
    "packageId" : "smart.who.int.icvp",
    "version" : "0.1.0"
  }],
  "definition" : {
    "extension" : [{
      "url" : "http://hl7.org/fhir/tools/StructureDefinition/ig-internal-dependency",
      "valueCode" : "hl7.fhir.uv.tools.r5#0.4.1"
    }],
    "resource" : [{
      "extension" : [{
        "url" : "http://hl7.org/fhir/tools/StructureDefinition/resource-information",
        "valueString" : "StructureDefinition:logical:abstract"
      }],
      "reference" : {
        "reference" : "StructureDefinition/CWT"
      },
      "name" : "CBOR Web Token (CWT) Claim",
      "description" : "Logical Model for Data elements in CBOR Web Token (CWT) https://www.iana.org/assignments/cwt/cwt.xhtml",
      "isExample" : false
    },
    {
      "extension" : [{
        "url" : "http://hl7.org/fhir/tools/StructureDefinition/resource-information",
        "valueString" : "StructureDefinition:logical"
      }],
      "reference" : {
        "reference" : "StructureDefinition/CWTPayload"
      },
      "name" : "CBOR Web Token (CWT) Payload (Common)",
      "description" : "Logical Model for CBOR Web Token (CWT) Payload Logical Modelin CWT Payload https://www.iana.org/assignments/cwt/cwt.xhtml",
      "isExample" : false
    },
    {
      "extension" : [{
        "url" : "http://hl7.org/fhir/tools/StructureDefinition/resource-information",
        "valueString" : "StructureDefinition:logical"
      }],
      "reference" : {
        "reference" : "StructureDefinition/COSEHeader"
      },
      "name" : "COSE Headers (DRAFT)",
      "description" : "Data elements for COSE Headers https://www.iana.org/assignments/cose/cose.xhtml#header-parameters",
      "isExample" : false
    },
    {
      "extension" : [{
        "url" : "http://hl7.org/fhir/tools/StructureDefinition/resource-information",
        "valueString" : "Requirements"
      }],
      "reference" : {
        "reference" : "Requirements/DistributeBusinessRules"
      },
      "name" : "Distribute business rules",
      "description" : "Make received business rules available through a distrubution point to a Receiver",
      "isExample" : false
    },
    {
      "extension" : [{
        "url" : "http://hl7.org/fhir/tools/StructureDefinition/resource-information",
        "valueString" : "Requirements"
      }],
      "reference" : {
        "reference" : "Requirements/DistributeBusinessRulesCertLogic"
      },
      "name" : "Distribute CertLogic business rules",
      "description" : "Make received CertLoigc business rules available through a distrubution point to a Receiver",
      "isExample" : false
    },
    {
      "extension" : [{
        "url" : "http://hl7.org/fhir/tools/StructureDefinition/resource-information",
        "valueString" : "Requirements"
      }],
      "reference" : {
        "reference" : "Requirements/DistributeBusinessRulesFHIR"
      },
      "name" : "Distribute FHIR business rules",
      "description" : "Make received business rules available through a distrubution point to a Receiver through HL7 FHIR standards",
      "isExample" : false
    },
    {
      "extension" : [{
        "url" : "http://hl7.org/fhir/tools/StructureDefinition/resource-information",
        "valueString" : "Requirements"
      }],
      "reference" : {
        "reference" : "Requirements/DistributePKIMaterial"
      },
      "name" : "Distribute PKI material",
      "description" : "Make received trust material available through a distrubution point to a Trust Network Participant",
      "isExample" : false
    },
    {
      "extension" : [{
        "url" : "http://hl7.org/fhir/tools/StructureDefinition/resource-information",
        "valueString" : "Requirements"
      }],
      "reference" : {
        "reference" : "Requirements/DistributePKIMaterialDID"
      },
      "name" : "Distribute PKI material as DID",
      "description" : "Make received trust material available through a distrubution point to a Trust Network Participant as DID",
      "isExample" : false
    },
    {
      "extension" : [{
        "url" : "http://hl7.org/fhir/tools/StructureDefinition/resource-information",
        "valueString" : "Requirements"
      }],
      "reference" : {
        "reference" : "Requirements/DistributePKIMaterialAPI"
      },
      "name" : "Distribute PKI material via API",
      "description" : "Make received trust material available through a distrubution point to a Trust Network Participant via API",
      "isExample" : false
    },
    {
      "extension" : [{
        "url" : "http://hl7.org/fhir/tools/StructureDefinition/resource-information",
        "valueString" : "ValueSet"
      }],
      "reference" : {
        "reference" : "ValueSet/Participants"
      },
      "name" : "GDHCN Trust Network Participant",
      "description" : "ValueSet of GDHCN Trust Network Participants",
      "isExample" : false
    },
    {
      "extension" : [{
        "url" : "http://hl7.org/fhir/tools/StructureDefinition/resource-information",
        "valueString" : "StructureDefinition:logical"
      }],
      "reference" : {
        "reference" : "StructureDefinition/HCert"
      },
      "name" : "Health Certificate",
      "description" : "Logical Model for the HCERT",
      "isExample" : false
    },
    {
      "extension" : [{
        "url" : "http://hl7.org/fhir/tools/StructureDefinition/resource-information",
        "valueString" : "ActorDefinition"
      }],
      "reference" : {
        "reference" : "ActorDefinition/Holder"
      },
      "name" : "Holder",
      "description" : "A Holder is an individual that has Verifiable Digtial Health Certificate in their possesion, received from an Issuer.  The Holder may choose to share the Verifiable Digital Health Certificate with a Receiver.",
      "isExample" : false
    },
    {
      "extension" : [{
        "url" : "http://hl7.org/fhir/tools/StructureDefinition/resource-information",
        "valueString" : "Requirements"
      }],
      "reference" : {
        "reference" : "Requirements/IssuerVDHC"
      },
      "name" : "Issue Verifiable Digital Health Certificate",
      "description" : "Issue a Verifiable Digital Health Certificate to a Holder",
      "isExample" : false
    },
    {
      "extension" : [{
        "url" : "http://hl7.org/fhir/tools/StructureDefinition/resource-information",
        "valueString" : "ActorDefinition"
      }],
      "reference" : {
        "reference" : "ActorDefinition/Issuer"
      },
      "name" : "Issuer",
      "description" : "An Issuer a system authorized by a Trust Network Participant to generate Verifiable Digital Health Certificates which are provided to a Holder.   An Issuer is responsible for generating the content that is digitally signed within the Verifiable Digital Health Certificate.   In order to sign this content, an Issuer should either itself be a Document Signer or utilize a Document Signer service, as authorized by the jurisdicitonal policy.",
      "isExample" : false
    },
    {
      "extension" : [{
        "url" : "http://hl7.org/fhir/tools/StructureDefinition/resource-information",
        "valueString" : "Requirements"
      }],
      "reference" : {
        "reference" : "Requirements/ProvideVDHC"
      },
      "name" : "Provide Verifiable Digital Health Certificate",
      "description" : "Provide a Verifiable Digital Health Certificate to a Receiver",
      "isExample" : false
    },
    {
      "extension" : [{
        "url" : "http://hl7.org/fhir/tools/StructureDefinition/resource-information",
        "valueString" : "Requirements"
      }],
      "reference" : {
        "reference" : "Requirements/PublishBusinessRules"
      },
      "name" : "Publish business rules",
      "description" : "Publish business rules to a Trust Anchor",
      "isExample" : false
    },
    {
      "extension" : [{
        "url" : "http://hl7.org/fhir/tools/StructureDefinition/resource-information",
        "valueString" : "Requirements"
      }],
      "reference" : {
        "reference" : "Requirements/PublishBusinessRulesCertLogic"
      },
      "name" : "Publish Cert Logic business rules",
      "description" : "Publish Cert Logic business rules to a Trust Anchor",
      "isExample" : false
    },
    {
      "extension" : [{
        "url" : "http://hl7.org/fhir/tools/StructureDefinition/resource-information",
        "valueString" : "Requirements"
      }],
      "reference" : {
        "reference" : "Requirements/PublishBusinessRulesFHIR"
      },
      "name" : "Publish HL7 FHIR business rules",
      "description" : "Publish business rules to a Trust Anchor using HL7 FHIR",
      "isExample" : false
    },
    {
      "extension" : [{
        "url" : "http://hl7.org/fhir/tools/StructureDefinition/resource-information",
        "valueString" : "Requirements"
      }],
      "reference" : {
        "reference" : "Requirements/PublishPKIMaterial"
      },
      "name" : "Publish PKI material",
      "description" : "Publish trust material to a Trust Anchor",
      "isExample" : false
    },
    {
      "extension" : [{
        "url" : "http://hl7.org/fhir/tools/StructureDefinition/resource-information",
        "valueString" : "Requirements"
      }],
      "reference" : {
        "reference" : "Requirements/PublishPKIMaterialDID"
      },
      "name" : "Publish PKI material as DID",
      "description" : "Publish trust material to a Trust Anchor as DID",
      "isExample" : false
    },
    {
      "extension" : [{
        "url" : "http://hl7.org/fhir/tools/StructureDefinition/resource-information",
        "valueString" : "Requirements"
      }],
      "reference" : {
        "reference" : "Requirements/PublishPKIMaterialAPI"
      },
      "name" : "Publish PKI material via API",
      "description" : "Publish trust material to a Trust Anchor via API",
      "isExample" : false
    },
    {
      "extension" : [{
        "url" : "http://hl7.org/fhir/tools/StructureDefinition/resource-information",
        "valueString" : "Requirements"
      }],
      "reference" : {
        "reference" : "Requirements/ReceiveBusinessRules"
      },
      "name" : "Receive business rules",
      "description" : "Receive business rules from a Trust Network Participant, for distribution within the Trust Network",
      "isExample" : false
    },
    {
      "extension" : [{
        "url" : "http://hl7.org/fhir/tools/StructureDefinition/resource-information",
        "valueString" : "Requirements"
      }],
      "reference" : {
        "reference" : "Requirements/ReceiveBusinessRulesCertLogic"
      },
      "name" : "Receive CertLogic business rules",
      "description" : "Receive CertLogic business rules from a Trust Network Participant, for distribution within the Trust Network",
      "isExample" : false
    },
    {
      "extension" : [{
        "url" : "http://hl7.org/fhir/tools/StructureDefinition/resource-information",
        "valueString" : "Requirements"
      }],
      "reference" : {
        "reference" : "Requirements/ReceiveBusinessRulesFHIR"
      },
      "name" : "Receive HL7 FHIR business rules",
      "description" : "Receive business rules from a Trust Network Participant, for distribution within the Trust Network using HL7 FHIR standard",
      "isExample" : false
    },
    {
      "extension" : [{
        "url" : "http://hl7.org/fhir/tools/StructureDefinition/resource-information",
        "valueString" : "Requirements"
      }],
      "reference" : {
        "reference" : "Requirements/ReceivePKUMaterial"
      },
      "name" : "Receive PKI material",
      "description" : "Receive trust material from a Trust Network Participant, for distribution within the Trust Network",
      "isExample" : false
    },
    {
      "extension" : [{
        "url" : "http://hl7.org/fhir/tools/StructureDefinition/resource-information",
        "valueString" : "Requirements"
      }],
      "reference" : {
        "reference" : "Requirements/ReceivePKUMaterialDID"
      },
      "name" : "Receive PKI material as DID",
      "description" : "Receive trust material from a Trust Network Participant, for distribution within the Trust Network as DID",
      "isExample" : false
    },
    {
      "extension" : [{
        "url" : "http://hl7.org/fhir/tools/StructureDefinition/resource-information",
        "valueString" : "Requirements"
      }],
      "reference" : {
        "reference" : "Requirements/ReceivePKUMaterialAPI"
      },
      "name" : "Receive PKI material via API",
      "description" : "Receive trust material from a Trust Network Participant, for distribution within the Trust Network via API",
      "isExample" : false
    },
    {
      "extension" : [{
        "url" : "http://hl7.org/fhir/tools/StructureDefinition/resource-information",
        "valueString" : "Requirements"
      }],
      "reference" : {
        "reference" : "Requirements/ReceiveVDHC"
      },
      "name" : "Receive Verifiable Digital Health Certificate",
      "description" : "Receive a Verifiable Digital Health Certificate from an Issuer",
      "isExample" : false
    },
    {
      "extension" : [{
        "url" : "http://hl7.org/fhir/tools/StructureDefinition/resource-information",
        "valueString" : "ActorDefinition"
      }],
      "reference" : {
        "reference" : "ActorDefinition/Receiver"
      },
      "name" : "Receiver",
      "description" : "A Reciever is a system authorized by a Trust Network Participant to receive from a Holder a Veritifable, verify and utilize the content within.",
      "isExample" : false
    },
    {
      "extension" : [{
        "url" : "http://hl7.org/fhir/tools/StructureDefinition/resource-information",
        "valueString" : "Requirements"
      }],
      "reference" : {
        "reference" : "Requirements/RequestVDHC"
      },
      "name" : "Request Verifiable Digital Health Certificate",
      "description" : "Request a Verifiable Digital Health Certificate from an Issuer",
      "isExample" : false
    },
    {
      "extension" : [{
        "url" : "http://hl7.org/fhir/tools/StructureDefinition/resource-information",
        "valueString" : "Requirements"
      }],
      "reference" : {
        "reference" : "Requirements/RetrieveBusinessRules"
      },
      "name" : "Retrieve business rules",
      "description" : "Retrieve business rules from a distribution point using",
      "isExample" : false
    },
    {
      "extension" : [{
        "url" : "http://hl7.org/fhir/tools/StructureDefinition/resource-information",
        "valueString" : "Requirements"
      }],
      "reference" : {
        "reference" : "Requirements/RetrieveBusinessRulesCertLogic"
      },
      "name" : "Retrieve Cert Logic compatible business rules",
      "description" : "Retrieve Cert Logic business rules from a distribution point",
      "isExample" : false
    },
    {
      "extension" : [{
        "url" : "http://hl7.org/fhir/tools/StructureDefinition/resource-information",
        "valueString" : "Requirements"
      }],
      "reference" : {
        "reference" : "Requirements/RetrieveBusinessRulesFHIR"
      },
      "name" : "Retrieve HL7 FHIR compatible business rules",
      "description" : "Retrieve business rules from a distribution point using HL7 FHIR standards",
      "isExample" : false
    },
    {
      "extension" : [{
        "url" : "http://hl7.org/fhir/tools/StructureDefinition/resource-information",
        "valueString" : "Requirements"
      }],
      "reference" : {
        "reference" : "Requirements/RetrievePKIMaterial"
      },
      "name" : "Retrieve PKI material",
      "description" : "Retrieve PKI material from a distribution point",
      "isExample" : false
    },
    {
      "extension" : [{
        "url" : "http://hl7.org/fhir/tools/StructureDefinition/resource-information",
        "valueString" : "Requirements"
      }],
      "reference" : {
        "reference" : "Requirements/RetrievePKIMaterialDID"
      },
      "name" : "Retrieve PKI material as DID",
      "description" : "Retrieve PKI material from a distribution point as DID",
      "isExample" : false
    },
    {
      "extension" : [{
        "url" : "http://hl7.org/fhir/tools/StructureDefinition/resource-information",
        "valueString" : "Requirements"
      }],
      "reference" : {
        "reference" : "Requirements/RetrievePKIMaterialAPI"
      },
      "name" : "Retrieve PKI material via API",
      "description" : "Retrieve PKI material from a distribution point via API",
      "isExample" : false
    },
    {
      "extension" : [{
        "url" : "http://hl7.org/fhir/tools/StructureDefinition/resource-information",
        "valueString" : "StructureDefinition:logical:abstract"
      }],
      "reference" : {
        "reference" : "StructureDefinition/SchemeInformation"
      },
      "name" : "Scheme Information",
      "description" : "Logical Model for Information on the trusted list and its issuing scheme",
      "isExample" : false
    },
    {
      "extension" : [{
        "url" : "http://hl7.org/fhir/tools/StructureDefinition/resource-information",
        "valueString" : "ActorDefinition"
      }],
      "reference" : {
        "reference" : "ActorDefinition/TrustNetworkAnchor"
      },
      "name" : "Trust Network Anchor",
      "description" : "Trust Anchor which receives and distributes PKI-material within a Trust Network",
      "isExample" : false
    },
    {
      "extension" : [{
        "url" : "http://hl7.org/fhir/tools/StructureDefinition/resource-information",
        "valueString" : "ActorDefinition"
      }],
      "reference" : {
        "reference" : "ActorDefinition/TrustNetworkParticipant"
      },
      "name" : "Trust Network Participant",
      "description" : "Trust Network Participant which publishes and or receives PKI-material within a Trust Network",
      "isExample" : false
    },
    {
      "extension" : [{
        "url" : "http://hl7.org/fhir/tools/StructureDefinition/resource-information",
        "valueString" : "ValueSet"
      }],
      "reference" : {
        "reference" : "ValueSet/WHO.TRUST.ACTOR"
      },
      "name" : "TRUST.ACTOR ValueSet of actor codes ",
      "description" : "ValueSet of codes for actor codes",
      "isExample" : false
    },
    {
      "extension" : [{
        "url" : "http://hl7.org/fhir/tools/StructureDefinition/resource-information",
        "valueString" : "ValueSet"
      }],
      "reference" : {
        "reference" : "ValueSet/WHO.TRUST.KEYUSAGE"
      },
      "name" : "TRUST.KEYUSAGE ValueSet of key usage codes ",
      "description" : "ValueSet of codes for key usage codes",
      "isExample" : false
    },
    {
      "extension" : [{
        "url" : "http://hl7.org/fhir/tools/StructureDefinition/resource-information",
        "valueString" : "ValueSet"
      }],
      "reference" : {
        "reference" : "ValueSet/WHO.TRUST.TRANSACTION"
      },
      "name" : "TRUST.TRANSACTION ValueSet of transaction codes ",
      "description" : "ValueSet of codes for transaction codes",
      "isExample" : false
    },
    {
      "extension" : [{
        "url" : "http://hl7.org/fhir/tools/StructureDefinition/resource-information",
        "valueString" : "Requirements"
      }],
      "reference" : {
        "reference" : "Requirements/UtilizeVDHC"
      },
      "name" : "Utilize a Verifiable Digital Health Certificate",
      "description" : "Utilize a Verifiable Digital Health Certificate that was provided by a Holder",
      "isExample" : false
    },
    {
      "extension" : [{
        "url" : "http://hl7.org/fhir/tools/StructureDefinition/resource-information",
        "valueString" : "CodeSystem"
      }],
      "reference" : {
        "reference" : "CodeSystem/Participants"
      },
      "name" : "WHO GDHCN Trust Network CodeSystem",
      "description" : "CodeSystem for GDHCN Trust Network Participants which are not already included in the ISO-3166 three letter code system\"",
      "isExample" : false
    },
    {
      "extension" : [{
        "url" : "http://hl7.org/fhir/tools/StructureDefinition/resource-information",
        "valueString" : "ValueSet"
      }],
      "reference" : {
        "reference" : "ValueSet/WHO.TRUST.DOMAIN"
      },
      "name" : "WHO SMART Trust Domains",
      "description" : "WHO GDHCN Trust Domains",
      "isExample" : false
    },
    {
      "extension" : [{
        "url" : "http://hl7.org/fhir/tools/StructureDefinition/resource-information",
        "valueString" : "CodeSystem"
      }],
      "reference" : {
        "reference" : "CodeSystem/WHO.TRUST.DOMAIN"
      },
      "name" : "WHO SMART Trust Domains",
      "description" : "Controlled vocabulary used to define WHO SMART Trust network service provider characteristics.",
      "isExample" : false
    },
    {
      "extension" : [{
        "url" : "http://hl7.org/fhir/tools/StructureDefinition/resource-information",
        "valueString" : "CodeSystem"
      }],
      "reference" : {
        "reference" : "CodeSystem/WHO.TRUST.ACTOR"
      },
      "name" : "WHO.TRUST.ACTOR CodeSystem",
      "description" : "CodeSystem for TRUST.ACTOR that has usage codes for verification keys published to the Trust Network as defined by the [certificate governance](concepts_certificate_governance.html)",
      "isExample" : false
    },
    {
      "extension" : [{
        "url" : "http://hl7.org/fhir/tools/StructureDefinition/resource-information",
        "valueString" : "CodeSystem"
      }],
      "reference" : {
        "reference" : "CodeSystem/WHO.TRUST.KEYUSAGE"
      },
      "name" : "WHO.TRUST.KEYUSAGE CodeSystem",
      "description" : "CodeSystem for TRUST.KEYUSAGE that has usage codes for verification keys published to the Trust Network as defined by the [certificate governance](concepts_certificate_governance.html)",
      "isExample" : false
    },
    {
      "extension" : [{
        "url" : "http://hl7.org/fhir/tools/StructureDefinition/resource-information",
        "valueString" : "CodeSystem"
      }],
      "reference" : {
        "reference" : "CodeSystem/WHO.TRUST.TRANSACTION"
      },
      "name" : "WHO.TRUST.TRANSACTION CodeSystem",
      "description" : "CodeSystem for TRUST.TRANSACTION that has usage codes for verification keys published to the Trust Network as defined by the [certificate governance](concepts_certificate_governance.html)",
      "isExample" : false
    }],
    "page" : {
      "sourceUrl" : "toc.html",
      "name" : "toc.html",
      "title" : "Table of Contents",
      "generation" : "html",
      "page" : [{
        "sourceUrl" : "index.html",
        "name" : "index.html",
        "title" : "Home",
        "generation" : "html",
        "page" : [{
          "sourceUrl" : "changes.html",
          "name" : "changes.html",
          "title" : "Changes",
          "generation" : "html"
        },
        {
          "sourceUrl" : "dependencies.html",
          "name" : "dependencies.html",
          "title" : "Dependencies",
          "generation" : "html"
        },
        {
          "sourceUrl" : "ethical_principles.html",
          "name" : "ethical_principles.html",
          "title" : "Ethical Considerations and Data Protection Principles",
          "generation" : "markdown"
        },
        {
          "sourceUrl" : "references.html",
          "name" : "references.html",
          "title" : "References",
          "generation" : "html"
        },
        {
          "sourceUrl" : "adapting_guidelines.html",
          "name" : "adapting_guidelines.html",
          "title" : "Adapting Guidelines for Country use",
          "generation" : "html"
        },
        {
          "sourceUrl" : "faq.html",
          "name" : "faq.html",
          "title" : "Frequently Asked Questions",
          "generation" : "markdown"
        },
        {
          "sourceUrl" : "requirements.html",
          "name" : "requirements.html",
          "title" : "Business Requirements",
          "generation" : "html"
        },
        {
          "sourceUrl" : "concepts.html",
          "name" : "concepts.html",
          "title" : "Concepts",
          "generation" : "markdown",
          "page" : [{
            "sourceUrl" : "concepts_certificate_governance.html",
            "name" : "concepts_certificate_governance.html",
            "title" : "Concepts Certificate Governance",
            "generation" : "markdown"
          },
          {
            "sourceUrl" : "concepts_CertificatePreperation.html",
            "name" : "concepts_CertificatePreperation.html",
            "title" : "Concepts Certificate Preparation",
            "generation" : "markdown"
          },
          {
            "sourceUrl" : "concepts_did.html",
            "name" : "concepts_did.html",
            "title" : "Concepts DID",
            "generation" : "markdown"
          },
          {
            "sourceUrl" : "concepts_did_gdhcn.html",
            "name" : "concepts_did_gdhcn.html",
            "title" : "Concepts GDHCN Trust List",
            "generation" : "markdown"
          },
          {
            "sourceUrl" : "concepts_governance.html",
            "name" : "concepts_governance.html",
            "title" : "Concepts Governance",
            "generation" : "markdown"
          },
          {
            "sourceUrl" : "concepts_onboarding.html",
            "name" : "concepts_onboarding.html",
            "title" : "Concepts Onboarding",
            "generation" : "markdown"
          },
          {
            "sourceUrl" : "concepts_onboarding_initialguideline_full.html",
            "name" : "concepts_onboarding_initialguideline_full.html",
            "title" : "Concepts Onboarding Initial Guidance Full",
            "generation" : "markdown"
          },
          {
            "sourceUrl" : "concepts_onboarding_initialprocess_full.html",
            "name" : "concepts_onboarding_initialprocess_full.html",
            "title" : "Concepts Onboarding Initial Process Full",
            "generation" : "markdown"
          },
          {
            "sourceUrl" : "concepts_onboarding_process_full.html",
            "name" : "concepts_onboarding_process_full.html",
            "title" : "Concepts Onboarding Process Full",
            "generation" : "markdown"
          }]
        },
        {
          "sourceUrl" : "use_cases.html",
          "name" : "use_cases.html",
          "title" : "Use Cases",
          "generation" : "markdown"
        },
        {
          "sourceUrl" : "decision_support.html",
          "name" : "decision_support.html",
          "title" : "Decision Support Logic",
          "generation" : "markdown"
        },
        {
          "sourceUrl" : "functional.html",
          "name" : "functional.html",
          "title" : "Functional Requirements",
          "generation" : "markdown"
        }]
      },
      {
        "sourceUrl" : "data_exchange.html",
        "name" : "data_exchange.html",
        "title" : "Data Models and Exchange",
        "generation" : "html",
        "page" : [{
          "sourceUrl" : "actors.html",
          "name" : "actors.html",
          "title" : "System Actors",
          "generation" : "markdown"
        },
        {
          "sourceUrl" : "transactions.html",
          "name" : "transactions.html",
          "title" : "Transactions",
          "generation" : "markdown"
        },
        {
          "sourceUrl" : "workflows.html",
          "name" : "workflows.html",
          "title" : "Workflows",
          "generation" : "markdown"
        },
        {
          "sourceUrl" : "trust_domains.html",
          "name" : "trust_domains.html",
          "title" : "Trust Domains",
          "generation" : "markdown"
        },
        {
          "sourceUrl" : "hcert_spec.html",
          "name" : "hcert_spec.html",
          "title" : "HCERT Specification",
          "generation" : "markdown"
        },
        {
          "sourceUrl" : "trust_network_gateway_architecture.html",
          "name" : "trust_network_gateway_architecture.html",
          "title" : "Trust Network Gateway Architecture",
          "generation" : "markdown"
        }]
      },
      {
        "sourceUrl" : "deployment.html",
        "name" : "deployment.html",
        "title" : "Deployment",
        "generation" : "html",
        "page" : [{
          "sourceUrl" : "concepts_onboarding_checklist.html",
          "name" : "concepts_onboarding_checklist.html",
          "title" : "Concepts Onboarding Checklist",
          "generation" : "markdown"
        },
        {
          "sourceUrl" : "security_privacy.html",
          "name" : "security_privacy.html",
          "title" : "Security and Privacy Considerations",
          "generation" : "html"
        },
        {
          "sourceUrl" : "testing.html",
          "name" : "testing.html",
          "title" : "Testing",
          "generation" : "html"
        },
        {
          "sourceUrl" : "reference_implementation.html",
          "name" : "reference_implementation.html",
          "title" : "Reference Implementations",
          "generation" : "markdown"
        },
        {
          "sourceUrl" : "downloads.html",
          "name" : "downloads.html",
          "title" : "Downloads",
          "generation" : "html"
        },
        {
          "sourceUrl" : "endpoints.html",
          "name" : "endpoints.html",
          "title" : "Endpoints",
          "generation" : "markdown"
        }]
      },
      {
        "sourceUrl" : "indices.html",
        "name" : "indices.html",
        "title" : "Indices",
        "generation" : "markdown",
        "page" : [{
          "sourceUrl" : "artifacts.html",
          "name" : "artifacts.html",
          "title" : "Artifact Index",
          "generation" : "html"
        },
        {
          "sourceUrl" : "maps.html",
          "name" : "maps.html",
          "title" : "Mappings",
          "generation" : "html"
        }]
      }]
    },
    "parameter" : [{
      "code" : {
        "system" : "http://hl7.org/fhir/tools/CodeSystem/ig-parameters",
        "code" : "copyrightyear"
      },
      "value" : "2023+"
    },
    {
      "code" : {
        "system" : "http://hl7.org/fhir/tools/CodeSystem/ig-parameters",
        "code" : "releaselabel"
      },
      "value" : "CI Build"
    },
    {
      "code" : {
        "system" : "http://hl7.org/fhir/tools/CodeSystem/ig-parameters",
        "code" : "autoload-resources"
      },
      "value" : "true"
    },
    {
      "code" : {
        "system" : "http://hl7.org/fhir/guide-parameter-code",
        "code" : "path-resource"
      },
      "value" : "input/capabilities"
    },
    {
      "code" : {
        "system" : "http://hl7.org/fhir/guide-parameter-code",
        "code" : "path-resource"
      },
      "value" : "input/examples"
    },
    {
      "code" : {
        "system" : "http://hl7.org/fhir/guide-parameter-code",
        "code" : "path-resource"
      },
      "value" : "input/extensions"
    },
    {
      "code" : {
        "system" : "http://hl7.org/fhir/guide-parameter-code",
        "code" : "path-resource"
      },
      "value" : "input/models"
    },
    {
      "code" : {
        "system" : "http://hl7.org/fhir/guide-parameter-code",
        "code" : "path-resource"
      },
      "value" : "input/operations"
    },
    {
      "code" : {
        "system" : "http://hl7.org/fhir/guide-parameter-code",
        "code" : "path-resource"
      },
      "value" : "input/profiles"
    },
    {
      "code" : {
        "system" : "http://hl7.org/fhir/guide-parameter-code",
        "code" : "path-resource"
      },
      "value" : "input/resources"
    },
    {
      "code" : {
        "system" : "http://hl7.org/fhir/guide-parameter-code",
        "code" : "path-resource"
      },
      "value" : "input/vocabulary"
    },
    {
      "code" : {
        "system" : "http://hl7.org/fhir/guide-parameter-code",
        "code" : "path-resource"
      },
      "value" : "input/maps"
    },
    {
      "code" : {
        "system" : "http://hl7.org/fhir/guide-parameter-code",
        "code" : "path-resource"
      },
      "value" : "input/testing"
    },
    {
      "code" : {
        "system" : "http://hl7.org/fhir/guide-parameter-code",
        "code" : "path-resource"
      },
      "value" : "input/history"
    },
    {
      "code" : {
        "system" : "http://hl7.org/fhir/guide-parameter-code",
        "code" : "path-resource"
      },
      "value" : "fsh-generated/resources"
    },
    {
      "code" : {
        "system" : "http://hl7.org/fhir/guide-parameter-code",
        "code" : "path-pages"
      },
      "value" : "template/config"
    },
    {
      "code" : {
        "system" : "http://hl7.org/fhir/guide-parameter-code",
        "code" : "path-pages"
      },
      "value" : "input/images"
    },
    {
      "code" : {
        "system" : "http://hl7.org/fhir/tools/CodeSystem/ig-parameters",
        "code" : "path-liquid"
      },
      "value" : "template/liquid"
    },
    {
      "code" : {
        "system" : "http://hl7.org/fhir/tools/CodeSystem/ig-parameters",
        "code" : "path-liquid"
      },
      "value" : "input/liquid"
    },
    {
      "code" : {
        "system" : "http://hl7.org/fhir/tools/CodeSystem/ig-parameters",
        "code" : "path-qa"
      },
      "value" : "temp/qa"
    },
    {
      "code" : {
        "system" : "http://hl7.org/fhir/tools/CodeSystem/ig-parameters",
        "code" : "path-temp"
      },
      "value" : "temp/pages"
    },
    {
      "code" : {
        "system" : "http://hl7.org/fhir/tools/CodeSystem/ig-parameters",
        "code" : "path-output"
      },
      "value" : "output"
    },
    {
      "code" : {
        "system" : "http://hl7.org/fhir/guide-parameter-code",
        "code" : "path-tx-cache"
      },
      "value" : "input-cache/txcache"
    },
    {
      "code" : {
        "system" : "http://hl7.org/fhir/tools/CodeSystem/ig-parameters",
        "code" : "path-suppressed-warnings"
      },
      "value" : "input/ignoreWarnings.txt"
    },
    {
      "code" : {
        "system" : "http://hl7.org/fhir/tools/CodeSystem/ig-parameters",
        "code" : "path-history"
      },
      "value" : "http://smart.who.int/trust/history.html"
    },
    {
      "code" : {
        "system" : "http://hl7.org/fhir/tools/CodeSystem/ig-parameters",
        "code" : "template-html"
      },
      "value" : "template-page.html"
    },
    {
      "code" : {
        "system" : "http://hl7.org/fhir/tools/CodeSystem/ig-parameters",
        "code" : "template-md"
      },
      "value" : "template-page-md.html"
    },
    {
      "code" : {
        "system" : "http://hl7.org/fhir/tools/CodeSystem/ig-parameters",
        "code" : "apply-contact"
      },
      "value" : "true"
    },
    {
      "code" : {
        "system" : "http://hl7.org/fhir/tools/CodeSystem/ig-parameters",
        "code" : "apply-context"
      },
      "value" : "true"
    },
    {
      "code" : {
        "system" : "http://hl7.org/fhir/tools/CodeSystem/ig-parameters",
        "code" : "apply-copyright"
      },
      "value" : "true"
    },
    {
      "code" : {
        "system" : "http://hl7.org/fhir/tools/CodeSystem/ig-parameters",
        "code" : "apply-jurisdiction"
      },
      "value" : "true"
    },
    {
      "code" : {
        "system" : "http://hl7.org/fhir/tools/CodeSystem/ig-parameters",
        "code" : "apply-license"
      },
      "value" : "true"
    },
    {
      "code" : {
        "system" : "http://hl7.org/fhir/tools/CodeSystem/ig-parameters",
        "code" : "apply-publisher"
      },
      "value" : "true"
    },
    {
      "code" : {
        "system" : "http://hl7.org/fhir/tools/CodeSystem/ig-parameters",
        "code" : "apply-version"
      },
      "value" : "true"
    },
    {
      "code" : {
        "system" : "http://hl7.org/fhir/tools/CodeSystem/ig-parameters",
        "code" : "apply-wg"
      },
      "value" : "true"
    },
    {
      "code" : {
        "system" : "http://hl7.org/fhir/tools/CodeSystem/ig-parameters",
        "code" : "active-tables"
      },
      "value" : "true"
    },
    {
      "code" : {
        "system" : "http://hl7.org/fhir/tools/CodeSystem/ig-parameters",
        "code" : "fmm-definition"
      },
      "value" : "http://hl7.org/fhir/versions.html#maturity"
    },
    {
      "code" : {
        "system" : "http://hl7.org/fhir/tools/CodeSystem/ig-parameters",
        "code" : "propagate-status"
      },
      "value" : "true"
    },
    {
      "code" : {
        "system" : "http://hl7.org/fhir/tools/CodeSystem/ig-parameters",
        "code" : "excludelogbinaryformat"
      },
      "value" : "true"
    },
    {
      "code" : {
        "system" : "http://hl7.org/fhir/tools/CodeSystem/ig-parameters",
        "code" : "tabbed-snapshots"
      },
      "value" : "true"
    }]
  }
}