{"resourceType":"ActorDefinition","id":"TrustNetworkParticipant","meta":{"profile":["http://smart.who.int/base/StructureDefinition/SGActor"]},"text":{"status":"generated","div":"<div xmlns=\"http://www.w3.org/1999/xhtml\"><p class=\"res-header-id\"><b>Generated Narrative: ActorDefinition TrustNetworkParticipant</b></p><a name=\"TrustNetworkParticipant\"> </a><a name=\"hcTrustNetworkParticipant\"> </a><a name=\"TrustNetworkParticipant-en-US\"> </a><div style=\"display: inline-block; background-color: #d9e0e7; padding: 6px; margin: 4px; border: 1px solid #8da1b4; border-radius: 5px; line-height: 60%\"><p style=\"margin-bottom: 0px\"/><p style=\"margin-bottom: 0px\">Profile: <a href=\"file://C:\\work\\ImplementationGuides\\ig-release\\who\\smart-base\\output/StructureDefinition-SGActor.html\">SGActor</a></p></div><table class=\"grid\"><tr><td><b>Actor: Trust Network Participant </b></td><td>Trust Network Participant</td><td>Type: system </td></tr><tr><td colspan=\"3\"/></tr></table></div>"},"url":"http://smart.who.int/trust/ActorDefinition/TrustNetworkParticipant","version":"1.2.0","name":"Trust Network Participant","title":"Trust Network Participant","status":"active","experimental":true,"date":"2025-04-02T15:21:33+02:00","publisher":"WHO","contact":[{"name":"WHO","telecom":[{"system":"url","value":"http://who.int"}]}],"description":"Trust Network Participant which publishes and or receives PKI-material within a Trust Network","jurisdiction":[{"coding":[{"system":"http://unstats.un.org/unsd/methods/m49/m49.htm","code":"001"}]}],"type":"system"}