{
  "resourceType" : "CodeSystem",
  "id" : "0f25dee5-9d91-4f2f-a69b-d7b6260edc53-3",
  "url" : "http://hl7.org/fhir/comparison/CodeSystem/0f25dee5-9d91-4f2f-a69b-d7b6260edc53-3",
  "name" : "IntersectionActorsAndActors",
  "title" : "Intersection of WHO GDHCN Trust Actors CodeSystem And WHO GDHCN Trust Actors CodeSystem",
  "status" : "active",
  "date" : "2025-05-07T08:20:45+00:00",
  "jurisdiction" : [{
    "coding" : [{
      "system" : "http://unstats.un.org/unsd/methods/m49/m49.htm",
      "code" : "001"
    }]
  }],
  "concept" : [{
    "code" : "credential-holder",
    "display" : "Holder of a Credential"
  },
  {
    "code" : "credential-issuer",
    "display" : "Issuer of a Credential"
  },
  {
    "code" : "gdhcn",
    "display" : "GDHCN",
    "definition" : "Global Digital Health Certification Network (GDHCN)"
  },
  {
    "code" : "TNG",
    "display" : "TNG",
    "definition" : "Trust Network Gateway"
  },
  {
    "code" : "TNP",
    "display" : "TNP",
    "definition" : "Trust Network Participant"
  }]
}