{
  "resourceType" : "ValueSet",
  "id" : "0f25dee5-9d91-4f2f-a69b-d7b6260edc53-26",
  "url" : "http://hl7.org/fhir/comparison/ValueSet/0f25dee5-9d91-4f2f-a69b-d7b6260edc53-26",
  "name" : "UnionActorsAndActors",
  "title" : "Union of WHO GDHCN Actor ValueSet of actor codes And WHO GDHCN Actor ValueSet of actor codes",
  "status" : "active",
  "date" : "2025-05-07T08:20:48+00:00",
  "jurisdiction" : [{
    "coding" : [{
      "system" : "http://unstats.un.org/unsd/methods/m49/m49.htm",
      "code" : "001"
    }]
  }]
}