{
  "resourceType" : "ValueSet",
  "id" : "0f25dee5-9d91-4f2f-a69b-d7b6260edc53-42",
  "url" : "http://hl7.org/fhir/comparison/ValueSet/0f25dee5-9d91-4f2f-a69b-d7b6260edc53-42",
  "name" : "IntersectionPayloadTypesAndPayloadTypes",
  "title" : "Intersection of WHO GDHCN Payload Types And WHO GDHCN Payload Types",
  "status" : "active",
  "date" : "2025-05-07T08:20:48+00:00",
  "jurisdiction" : [{
    "coding" : [{
      "system" : "http://unstats.un.org/unsd/methods/m49/m49.htm",
      "code" : "001"
    }]
  }]
}