{
  "resourceType" : "ActorDefinition",
  "id" : "Holder",
  "meta" : {
    "profile" : ["http://smart.who.int/base/StructureDefinition/SGActor"]
  },
  "text" : {
    "status" : "generated",
    "div" : "<div xmlns=\"http://www.w3.org/1999/xhtml\"><p class=\"res-header-id\"><b>Generated Narrative: ActorDefinition Holder</b></p><a name=\"Holder\"> </a><a name=\"hcHolder\"> </a><a name=\"Holder-en-US\"> </a><div style=\"display: inline-block; background-color: #d9e0e7; padding: 6px; margin: 4px; border: 1px solid #8da1b4; border-radius: 5px; line-height: 60%\"><p style=\"margin-bottom: 0px\"/><p style=\"margin-bottom: 0px\">Profile: <a href=\"https://build.fhir.org/ig/WorldHealthOrganization/smart-base/StructureDefinition-SGActor.html\">SGActor</a></p></div><table class=\"grid\"><tr><td><b>Actor: Holder </b></td><td>Holder</td><td>Type: person </td></tr><tr><td colspan=\"3\"/></tr></table></div>"
  },
  "url" : "http://smart.who.int/trust/ActorDefinition/Holder",
  "version" : "1.1.6",
  "name" : "Holder",
  "title" : "Holder",
  "status" : "active",
  "experimental" : true,
  "date" : "2025-04-01T20:27:19+00:00",
  "publisher" : "WHO",
  "contact" : [{
    "name" : "WHO",
    "telecom" : [{
      "system" : "url",
      "value" : "http://who.int"
    }]
  }],
  "description" : "A Holder is an individual that has Verifiable Digtial Health Certificate in their possesion, received from an Issuer.  The Holder may choose to share the Verifiable Digital Health Certificate with a Receiver.",
  "jurisdiction" : [{
    "coding" : [{
      "system" : "http://unstats.un.org/unsd/methods/m49/m49.htm",
      "code" : "001"
    }]
  }],
  "type" : "person"
}