{
  "resourceType" : "ValueSet",
  "id" : "Participants-UAT",
  "text" : {
    "status" : "generated",
    "div" : "<div xmlns=\"http://www.w3.org/1999/xhtml\"><p class=\"res-header-id\"><b>Generated Narrative: ValueSet Participants-UAT</b></p><a name=\"Participants-UAT\"> </a><a name=\"hcParticipants-UAT\"> </a><p>This value set includes codes based on the following rules:</p><ul><li>Include all codes defined in <a href=\"CodeSystem-Participants-UAT.html\"><code>http://smart.who.int/trust/CodeSystems/Participants-UAT</code></a><span title=\"Version is not explicitly stated, which means it is fixed to the version provided in this specification\"> version &#x1F4E6;1.1.6</span></li><li>Include these codes as defined in <a href=\"CodeSystem-RefMartCountryList.html\"><code>http://smart.who.int/refmart/CodeSystems/REF_COUNTRY</code></a><span title=\"Version is not explicitly stated, which means it is fixed to the version provided in this specification\"> version &#x1F4E6;1.1.6</span><table class=\"none\"><tr><td style=\"white-space:nowrap\"><b>Code</b></td><td><b>Display</b></td></tr><tr><td><a href=\"CodeSystem-RefMartCountryList.html#RefMartCountryList-ALB\">ALB</a></td><td style=\"color: #cccccc\">Albania</td></tr><tr><td><a href=\"CodeSystem-RefMartCountryList.html#RefMartCountryList-AND\">AND</a></td><td style=\"color: #cccccc\">Andorra</td></tr><tr><td><a href=\"CodeSystem-RefMartCountryList.html#RefMartCountryList-ARM\">ARM</a></td><td style=\"color: #cccccc\">Armenia</td></tr><tr><td><a href=\"CodeSystem-RefMartCountryList.html#RefMartCountryList-BEL\">BEL</a></td><td style=\"color: #cccccc\">Belgium</td></tr><tr><td><a href=\"CodeSystem-RefMartCountryList.html#RefMartCountryList-BEN\">BEN</a></td><td style=\"color: #cccccc\">Benin</td></tr><tr><td><a href=\"CodeSystem-RefMartCountryList.html#RefMartCountryList-BRA\">BRA</a></td><td style=\"color: #cccccc\">Brazil</td></tr><tr><td><a href=\"CodeSystem-RefMartCountryList.html#RefMartCountryList-CAN\">CAN</a></td><td style=\"color: #cccccc\">Canada</td></tr><tr><td><a href=\"CodeSystem-RefMartCountryList.html#RefMartCountryList-CYP\">CYP</a></td><td style=\"color: #cccccc\">Cyprus</td></tr><tr><td><a href=\"CodeSystem-RefMartCountryList.html#RefMartCountryList-CZE\">CZE</a></td><td style=\"color: #cccccc\">Czechia</td></tr><tr><td><a href=\"CodeSystem-RefMartCountryList.html#RefMartCountryList-ESP\">ESP</a></td><td style=\"color: #cccccc\">Spain</td></tr><tr><td><a href=\"CodeSystem-RefMartCountryList.html#RefMartCountryList-EST\">EST</a></td><td style=\"color: #cccccc\">Estonia</td></tr><tr><td><a href=\"CodeSystem-RefMartCountryList.html#RefMartCountryList-FIN\">FIN</a></td><td style=\"color: #cccccc\">Finland</td></tr><tr><td><a href=\"CodeSystem-RefMartCountryList.html#RefMartCountryList-FRA\">FRA</a></td><td style=\"color: #cccccc\">France</td></tr><tr><td><a href=\"CodeSystem-RefMartCountryList.html#RefMartCountryList-FRO\">FRO</a></td><td style=\"color: #cccccc\">Faroe Islands</td></tr><tr><td><a href=\"CodeSystem-RefMartCountryList.html#RefMartCountryList-HRV\">HRV</a></td><td style=\"color: #cccccc\">Croatia</td></tr><tr><td><a href=\"CodeSystem-RefMartCountryList.html#RefMartCountryList-IDN\">IDN</a></td><td style=\"color: #cccccc\">Indonesia</td></tr><tr><td><a href=\"CodeSystem-RefMartCountryList.html#RefMartCountryList-IRL\">IRL</a></td><td style=\"color: #cccccc\">Ireland</td></tr><tr><td><a href=\"CodeSystem-RefMartCountryList.html#RefMartCountryList-LTU\">LTU</a></td><td style=\"color: #cccccc\">Lithuania</td></tr><tr><td><a href=\"CodeSystem-RefMartCountryList.html#RefMartCountryList-LVA\">LVA</a></td><td style=\"color: #cccccc\">Latvia</td></tr><tr><td><a href=\"CodeSystem-RefMartCountryList.html#RefMartCountryList-MCO\">MCO</a></td><td style=\"color: #cccccc\">Monaco</td></tr><tr><td><a href=\"CodeSystem-RefMartCountryList.html#RefMartCountryList-MLT\">MLT</a></td><td style=\"color: #cccccc\">Malta</td></tr><tr><td><a href=\"CodeSystem-RefMartCountryList.html#RefMartCountryList-MYS\">MYS</a></td><td style=\"color: #cccccc\">Malaysia</td></tr><tr><td><a href=\"CodeSystem-RefMartCountryList.html#RefMartCountryList-NLD\">NLD</a></td><td style=\"color: #cccccc\">Netherlands (Kingdom of the)</td></tr><tr><td><a href=\"CodeSystem-RefMartCountryList.html#RefMartCountryList-NZL\">NZL</a></td><td style=\"color: #cccccc\">New Zealand</td></tr><tr><td><a href=\"CodeSystem-RefMartCountryList.html#RefMartCountryList-OMN\">OMN</a></td><td style=\"color: #cccccc\">Oman</td></tr><tr><td><a href=\"CodeSystem-RefMartCountryList.html#RefMartCountryList-POL\">POL</a></td><td style=\"color: #cccccc\">Poland</td></tr><tr><td><a href=\"CodeSystem-RefMartCountryList.html#RefMartCountryList-PRT\">PRT</a></td><td style=\"color: #cccccc\">Portugal</td></tr><tr><td><a href=\"CodeSystem-RefMartCountryList.html#RefMartCountryList-SAU\">SAU</a></td><td style=\"color: #cccccc\">Saudi Arabia</td></tr><tr><td><a href=\"CodeSystem-RefMartCountryList.html#RefMartCountryList-SGP\">SGP</a></td><td style=\"color: #cccccc\">Singapore</td></tr><tr><td><a href=\"CodeSystem-RefMartCountryList.html#RefMartCountryList-SMR\">SMR</a></td><td style=\"color: #cccccc\">San Marino</td></tr><tr><td><a href=\"CodeSystem-RefMartCountryList.html#RefMartCountryList-SVK\">SVK</a></td><td style=\"color: #cccccc\">Slovakia</td></tr><tr><td><a href=\"CodeSystem-RefMartCountryList.html#RefMartCountryList-SVN\">SVN</a></td><td style=\"color: #cccccc\">Slovenia</td></tr><tr><td><a href=\"CodeSystem-RefMartCountryList.html#RefMartCountryList-SWE\">SWE</a></td><td style=\"color: #cccccc\">Sweden</td></tr><tr><td><a href=\"CodeSystem-RefMartCountryList.html#RefMartCountryList-TGO\">TGO</a></td><td style=\"color: #cccccc\">Togo</td></tr><tr><td><a href=\"CodeSystem-RefMartCountryList.html#RefMartCountryList-THA\">THA</a></td><td style=\"color: #cccccc\">Thailand</td></tr><tr><td><a href=\"CodeSystem-RefMartCountryList.html#RefMartCountryList-TUR\">TUR</a></td><td style=\"color: #cccccc\">Türkiye</td></tr></table></li><li>Include these codes as defined in <a href=\"CodeSystem-Participants-UAT.html\"><code>http://smart.who.int/trust/CodeSystems/Participants-UAT</code></a><span title=\"Version is not explicitly stated, which means it is fixed to the version provided in this specification\"> version &#x1F4E6;1.1.6</span><table class=\"none\"><tr><td style=\"white-space:nowrap\"><b>Code</b></td><td><b>Display</b></td></tr><tr><td><a href=\"CodeSystem-Participants-UAT.html#Participants-UAT-IOM\">IOM</a></td><td style=\"color: #cccccc\">UAT Participant IOM</td></tr><tr><td><a href=\"CodeSystem-Participants-UAT.html#Participants-UAT-WHO\">WHO</a></td><td style=\"color: #cccccc\">UAT Participant WHO</td></tr><tr><td><a href=\"CodeSystem-Participants-UAT.html#Participants-UAT-XXA\">XXA</a></td><td style=\"color: #cccccc\">UAT Participant XXA</td></tr><tr><td><a href=\"CodeSystem-Participants-UAT.html#Participants-UAT-XXB\">XXB</a></td><td style=\"color: #cccccc\">UAT Participant XXB</td></tr><tr><td><a href=\"CodeSystem-Participants-UAT.html#Participants-UAT-XXC\">XXC</a></td><td style=\"color: #cccccc\">UAT Participant XXC</td></tr><tr><td><a href=\"CodeSystem-Participants-UAT.html#Participants-UAT-XXD\">XXD</a></td><td style=\"color: #cccccc\">UAT Participant XXD</td></tr><tr><td><a href=\"CodeSystem-Participants-UAT.html#Participants-UAT-XXO\">XXO</a></td><td style=\"color: #cccccc\">UAT Participant XXO</td></tr><tr><td><a href=\"CodeSystem-Participants-UAT.html#Participants-UAT-XXS\">XXS</a></td><td style=\"color: #cccccc\">UAT Participant XXS</td></tr><tr><td><a href=\"CodeSystem-Participants-UAT.html#Participants-UAT-XXU\">XXU</a></td><td style=\"color: #cccccc\">UAT Participant XXU</td></tr><tr><td><a href=\"CodeSystem-Participants-UAT.html#Participants-UAT-XXV\">XXV</a></td><td style=\"color: #cccccc\">UAT Participant XXV</td></tr><tr><td><a href=\"CodeSystem-Participants-UAT.html#Participants-UAT-XXX\">XXX</a></td><td style=\"color: #cccccc\">UAT Participant XXX</td></tr><tr><td><a href=\"CodeSystem-Participants-UAT.html#Participants-UAT-XYK\">XYK</a></td><td style=\"color: #cccccc\">UAT Participant XYK</td></tr></table></li></ul></div>"
  },
  "url" : "http://smart.who.int/trust/ValueSet/Participants-UAT",
  "version" : "1.1.6",
  "name" : "Participants-UAT",
  "title" : "WHO GDHCN Trust Network Participant - UAT",
  "status" : "active",
  "experimental" : true,
  "date" : "2026-02-18T13:36:49+00:00",
  "publisher" : "WHO",
  "contact" : [{
    "name" : "WHO",
    "telecom" : [{
      "system" : "url",
      "value" : "http://who.int"
    }]
  }],
  "description" : "ValueSet of GDHCN Trust Network Participants for User Acceptance Testing environment",
  "jurisdiction" : [{
    "coding" : [{
      "system" : "http://unstats.un.org/unsd/methods/m49/m49.htm",
      "code" : "001"
    }]
  }],
  "compose" : {
    "include" : [{
      "system" : "http://smart.who.int/trust/CodeSystems/Participants-UAT"
    },
    {
      "system" : "http://smart.who.int/refmart/CodeSystems/REF_COUNTRY",
      "concept" : [{
        "code" : "ALB"
      },
      {
        "code" : "AND"
      },
      {
        "code" : "ARM"
      },
      {
        "code" : "BEL"
      },
      {
        "code" : "BEN"
      },
      {
        "code" : "BRA"
      },
      {
        "code" : "CAN"
      },
      {
        "code" : "CYP"
      },
      {
        "code" : "CZE"
      },
      {
        "code" : "ESP"
      },
      {
        "code" : "EST"
      },
      {
        "code" : "FIN"
      },
      {
        "code" : "FRA"
      },
      {
        "code" : "FRO"
      },
      {
        "code" : "HRV"
      },
      {
        "code" : "IDN"
      },
      {
        "code" : "IRL"
      },
      {
        "code" : "LTU"
      },
      {
        "code" : "LVA"
      },
      {
        "code" : "MCO"
      },
      {
        "code" : "MLT"
      },
      {
        "code" : "MYS"
      },
      {
        "code" : "NLD"
      },
      {
        "code" : "NZL"
      },
      {
        "code" : "OMN"
      },
      {
        "code" : "POL"
      },
      {
        "code" : "PRT"
      },
      {
        "code" : "SAU"
      },
      {
        "code" : "SGP"
      },
      {
        "code" : "SMR"
      },
      {
        "code" : "SVK"
      },
      {
        "code" : "SVN"
      },
      {
        "code" : "SWE"
      },
      {
        "code" : "TGO"
      },
      {
        "code" : "THA"
      },
      {
        "code" : "TUR"
      }]
    },
    {
      "system" : "http://smart.who.int/trust/CodeSystems/Participants-UAT",
      "concept" : [{
        "code" : "IOM"
      },
      {
        "code" : "WHO"
      },
      {
        "code" : "XXA"
      },
      {
        "code" : "XXB"
      },
      {
        "code" : "XXC"
      },
      {
        "code" : "XXD"
      },
      {
        "code" : "XXO"
      },
      {
        "code" : "XXS"
      },
      {
        "code" : "XXU"
      },
      {
        "code" : "XXV"
      },
      {
        "code" : "XXX"
      },
      {
        "code" : "XYK"
      }]
    }]
  }
}