{
  "resourceType" : "CodeSystem",
  "id" : "eb207aeb-cf6d-4ef8-a4c7-af3aed4825be-8",
  "url" : "http://hl7.org/fhir/comparison/CodeSystem/eb207aeb-cf6d-4ef8-a4c7-af3aed4825be-8",
  "name" : "UnionDomainsAndDomains",
  "title" : "Union of WHO GDHCN Trust Domains And WHO GDHCN Trust Domains",
  "status" : "active",
  "date" : "2025-06-30T14:24:38+00:00",
  "jurisdiction" : [{
    "coding" : [{
      "system" : "http://unstats.un.org/unsd/methods/m49/m49.htm",
      "code" : "001"
    }]
  }],
  "concept" : [{
    "code" : "DDCC",
    "display" : "DDCC",
    "definition" : "The Digital Documentation for COVID-19 Certificates (DDCC) is defined by the SMART Implementation Guide at http://smart.who.int/ddcc"
  },
  {
    "code" : "IPS-PILGRIMAGE",
    "display" : "IPS for Pilgrimage",
    "definition" : "The IPS for Pilgrimage is defined by the SMART Implementation Guide at http://smart.who.int/ips-pilgrimage"
  },
  {
    "code" : "PH4H",
    "display" : "Pan-American Highway for Digital Health (PH4H)",
    "definition" : "The Pan-American Highway for Digital Health (PH4H) is defined by\u00a0SMART Implementation Guide at https://worldhealthorganization.github.io/smart-ph4h/"
  },
  {
    "code" : "ICVP",
    "display" : "International Certificate of Vaccination of Prophylaxsis (ICVP)",
    "definition" : "The International Certificate of Vaccination of Prophylaxsis (ICVP) is defined by\u00a0SMART Implementation Guide at https://worldhealthorganization.github.io/smart-icvp/"
  }]
}