{
  "resourceType" : "ValueSet",
  "id" : "f77549ef-38c6-44f4-96f7-930a4f15161d-14",
  "url" : "http://hl7.org/fhir/comparison/ValueSet/f77549ef-38c6-44f4-96f7-930a4f15161d-14",
  "name" : "UnionWHO_TRUST_ACTORAndWHO_TRUST_ACTOR",
  "title" : "Union of TRUST.ACTOR ValueSet of key usage codes  And TRUST.ACTOR ValueSet of key usage codes ",
  "status" : "active",
  "date" : "2024-12-09T12:39:09+00:00",
  "jurisdiction" : [{
    "coding" : [{
      "system" : "http://unstats.un.org/unsd/methods/m49/m49.htm",
      "code" : "001"
    }]
  }]
}